id,title,book_id,author,tier,tier_code,reads,log_reads,nchars,bytes,file,fully_matched,ambiguous,resolve_note,ledger_idx
001,1800机票不批让我坐高铁，8400万废标后董事长怒了,7664814742925511742,月落唔地,小扑,2,981,6.8886,11417,30541,1800机票不批让我坐高铁，8400万废标后董事长怒了.txt,True,False,,
002,8600万分完后，16亿合同停了,7661228125107260478,牛牛熬夜写作,B,4,4512,8.4145,42933,123171,8600万分完后，16亿合同停了.txt,True,False,,
003,爱意死在第三次失望里,,,无信号,,,,12851,37770,爱意死在第三次失望里.txt,False,False,,
004,爱越云海，故人不候,,,无信号,,,,10995,31783,爱越云海，故人不候.txt,False,False,,
005,把悲伤留在过去，他给的伤害让他带走,,,无信号,,,,10064,28988,把悲伤留在过去，他给的伤害让他带走.txt,False,False,,
006,把我赐婚给暗卫后，王爷他悔吐血,7662954205921004568,开元寺的小公主,A,5,79153,11.2791,11635,31831,把我赐婚给暗卫后，王爷他悔吐血.txt,True,False,,
007,把我的保研名额换给废物姐姐后，全家遭了报应,7658116688348466238,佚名（九州文化）,C,3,1033,6.9402,12575,36313,把我的保研名额换给废物姐姐后，全家遭了报应.txt,True,False,,
008,把我送给王爷解毒后，未婚夫他悔疯了,7656616490606529560,开元寺的小公主,B,4,4010,8.2965,11936,34640,把我送给王爷解毒后，未婚夫他悔疯了.txt,True,False,,
009,爸爸为私生女改我志愿，我反手让她退档,7660026444625529881,暮林烟,C,3,1047,6.9537,12037,32245,爸爸为私生女改我志愿，我反手让她退档.txt,True,False,,
010,爸妈，我不想再做姐姐的墓碑了,7614044637480635454,旧爱书写ing,B,4,4128,8.3255,10723,31354,爸妈，我不想再做姐姐的墓碑了.txt,True,False,,
011,爸妈离婚那天，我妈一句话，哥哥吓得站不住了,,,小扑,2,975,6.8824,18873,45311,爸妈离婚那天，我妈一句话，哥哥吓得站不住了.txt,True,False,,
012,爸妈离婚问我跟谁，我指着房子：你们都滚，它归我,,,C,3,1008,6.9157,23819,62801,爸妈离婚问我跟谁，我指着房子：你们都滚，它归我.txt,True,False,,
013,爸妈只宠哥哥，却不知我有个影子哥哥宠,,,无信号,,,,10535,30655,爸妈只宠哥哥，却不知我有个影子哥哥宠.txt,False,False,,
014,霸凌者母亲说我女儿勾引她儿子，重生后我在家长会上杀疯了,,,小扑,2,956,6.8628,12885,34051,霸凌者母亲说我女儿勾引她儿子，重生后我在家长会上杀疯了.txt,True,False,,
015,白月光回国，我提着红桶离婚，冰山总裁老婆悔疯了,,,无信号,,,,27867,72679,白月光回国，我提着红桶离婚，冰山总裁老婆悔疯了.txt,False,False,,
016,百家被缝满偏心，那我就去找属于自己的家,,,小扑,2,962,6.869,11177,32756,百家被缝满偏心，那我就去找属于自己的家.txt,True,False,,
017,帮女同桌垫了三年饭钱，十五年后她还我整个世界,,,小扑,2,971,6.8783,37322,97956,帮女同桌垫了三年饭钱，十五年后她还我整个世界.txt,True,False,,
018,绑定反派系统后，佛系真千金靠长了嘴整顿豪门,,,无信号,,,,17808,47154,绑定反派系统后，佛系真千金靠长了嘴整顿豪门.txt,False,False,,
019,保姆女儿冒领身份钓金龟婿，宴会上我带全家来打脸了,,,小扑,2,982,6.8896,12434,33414,保姆女儿冒领身份钓金龟婿，宴会上我带全家来打脸了.txt,True,False,,
020,保姆女儿偷我推荐名额上名校，还逼我送房，我不装了,,,C,3,1040,6.947,25138,71882,保姆女儿偷我推荐名额上名校，还逼我送房，我不装了.txt,True,False,,
021,报备型男友发糊照后，跪求我回头,,,无信号,,,,10943,31339,报备型男友发糊照后，跪求我回头.txt,False,False,,
022,碑上不见旧时名,,,小扑,2,999,6.9068,13417,38367,碑上不见旧时名.txt,True,False,,
023,北京大妞竟是走丢真千金，教我规矩我反手掀桌,,,C,3,1005,6.9127,12881,34077,北京大妞竟是走丢真千金，教我规矩我反手掀桌.txt,True,False,,
024,被拒盖实习章，她离婚怒嫁前夫对手,,,无信号,,,,26696,76856,被拒盖实习章，她离婚怒嫁前夫对手.txt,False,False,,
025,被困笼的飞鸟，终得解脱,,,无信号,,,,12858,37232,被困笼的飞鸟，终得解脱 .txt,False,False,,
026,被阎王退货后，我开摆了,,,C,3,1033,6.9402,14066,40736,被阎王退货后，我开摆了.txt,True,False,,
027,被遗忘的第四人,,,B,4,9863,9.1965,11325,32833,被遗忘的第四人.txt,True,False,,
028,逼我上交工资？可我们早离了啊,,,小扑,2,973,6.8804,12945,37876,逼我上交工资？可我们早离了啊.txt,True,False,,
029,变成娃娃后，全家追悔莫及,,,无信号,,,,10784,31320,变成娃娃后，全家追悔莫及.txt,False,False,,
030,标兵室友没收我急救药，重生后我送她进派出所,,,C,3,1051,6.9575,9980,28820,标兵室友没收我急救药，重生后我送她进派出所.txt,True,False,,
031,表舅让我赔表弟医药费，可我根本没见过他,,,C,3,1010,6.9177,12147,35275,表舅让我赔表弟医药费，可我根本没见过他.txt,True,False,,
032,别跟逻辑怪讲人情，我专治各种不服,,,小扑,2,956,6.8628,11960,34534,别跟逻辑怪讲人情，我专治各种不服.txt,True,False,,
033,别人忙着答辩我忙着吐，检查结果竟是双胞胎！,,,C,3,1001,6.9088,44977,117763,别人忙着答辩我忙着吐，检查结果竟是双胞胎！.txt,True,False,,
034,别说我嫉妒假千金！被八个大佬舅舅团宠的我只想跟美人贴贴,,,小扑,2,968,6.8752,12714,36494,别说我嫉妒假千金！被八个大佬舅舅团宠的我只想跟美人贴贴.txt,True,False,,
035,不帮同事保管报销单后，污蔑我偷发票的实习生悔疯了,,,小扑,2,968,6.8752,10587,30587,不帮同事保管报销单后，污蔑我偷发票的实习生悔疯了.txt,True,False,,
036,不帮同学保管书包，污蔑我偷班费的转校生悔疯了,,,无信号,,,,15187,39635,不帮同学保管书包，污蔑我偷班费的转校生悔疯了.txt,False,False,,
037,部门聚餐，实习生说他工资是我两倍,,,C,3,1037,6.9441,15562,44328,部门聚餐，实习生说他工资是我两倍.txt,True,False,,
038,彩票中了5000万，妻子却让我装穷鬼,,,C,3,1027,6.9344,35057,100271,彩票中了5000万，妻子却让我装穷鬼.txt,True,False,,
039,残诗煮酒月难圆,,,无信号,,,,9760,28078,残诗煮酒月难圆.txt,False,False,,
040,曾为你画地为牢,,,小扑,2,963,6.8701,21507,62486,曾为你画地为牢.txt,True,False,,
041,朝来一去关山隔,,,无信号,,,,11133,32710,朝来一去关山隔.txt,False,False,,
042,朝曦不借晚星光,,,C,3,1042,6.9489,15271,43878,朝曦不借晚星光.txt,True,False,,
043,尘缘起落自安然,,,无信号,,,,11369,33163,尘缘起落自安然.txt,False,False,,
044,趁春游换走首富孩子？一个电话直接封锁海陆空,,,无信号,,,,9246,25741,趁春游换走首富孩子？一个电话直接封锁海陆空.txt,False,False,,
045,趁我出差，丈夫卖别墅带全家移民，我杀疯了,,,小扑,2,958,6.8648,13327,35943,趁我出差，丈夫卖别墅带全家移民，我杀疯了.txt,True,False,,
046,成为省状元的升学宴上，我妈报警抓了我,,,C,3,1242,7.1245,10700,31584,成为省状元的升学宴上，我妈报警抓了我.txt,True,False,,
047,成为太监后，我杀疯了,,,C,3,1012,6.9197,12020,35118,成为太监后，我杀疯了.txt,True,False,,
048,成为植物人后，听到老公的心里话，我重生了,,,C,3,1027,6.9344,12245,35143,成为植物人后，听到老公的心里话，我重生了.txt,True,False,,
049,迟爱无用，风月新程,,,无信号,,,,26289,76695,迟爱无用，风月新程.txt,False,False,,
050,迟来的爱，追不上三千二百公里,,,无信号,,,,11968,35134,迟来的爱，追不上三千二百公里.txt,False,False,,
051,迟来的三千元，耗光我的深情,,,无信号,,,,11263,33383,迟来的三千元，耗光我的深情.txt,False,False,,
052,迟遇无春,,,无信号,,,,10902,31807,迟遇无春.txt,False,False,,
053,出狱后，为给小助理出气亲手送我进监狱的未婚妻悔疯了,,,无信号,,,,10234,29530,出狱后，为给小助理出气亲手送我进监狱的未婚妻悔疯了.txt,False,False,,
054,穿不上的婚纱，我不穿了,,,C,3,1036,6.9431,13983,38183,穿不上的婚纱，我不穿了.txt,True,False,,
055,穿书成作精，弹幕预知我是炮灰，收敛脾气后，冰山父子满心满眼只有我,,,无信号,,,,17489,51396,穿书成作精，弹幕预知我是炮灰，收敛脾气后，冰山父子满心满眼只有我.txt,False,False,,
056,穿拖鞋去相亲，京城第一美人不让我走,,,C,3,1034,6.9412,35310,100138,穿拖鞋去相亲，京城第一美人不让我走.txt,True,False,,
057,穿越成虐文男主，面对高冷老婆提离婚，我狂喜签字,,,小扑,2,982,6.8896,13125,34014,穿越成虐文男主，面对高冷老婆提离婚，我狂喜签字.txt,True,False,,
058,春潮带雨晚来急，我欲与君绝,,,无信号,,,,10057,29656,春潮带雨晚来急，我欲与君绝.txt,False,False,,
059,春情雾散负韶光,,,无信号,,,,9603,28078,春情雾散负韶光.txt,False,False,,
060,此程落幕，前路繁花,,,无信号,,,,11547,33517,此程落幕，前路繁花.txt,False,False,,
061,此生也算等过你,,,C,3,1018,6.9256,10403,30237,此生也算等过你.txt,True,False,,
062,从此山海，再无归期,,,无信号,,,,10983,30125,从此山海，再无归期.txt,False,False,,
063,从此山水各一程,,,小扑,2,998,6.9058,11187,32847,从此山水各一程.txt,True,False,,
064,从此我为灯，不必借天光,,,无信号,,,,11199,30771,从此我为灯，不必借天光.txt,False,False,,
065,从此无心爱与恨,,,B,4,6476,8.7759,11864,35042,从此无心爱与恨.txt,True,False,,
066,从此昭昭明月，再无箭女,,,无信号,,,,10964,31859,从此昭昭明月，再无箭女.txt,False,False,,
067,从阳台隔间到二十二楼，我用了一张火车票的距离,,,无信号,,,,10329,29389,从阳台隔间到二十二楼，我用了一张火车票的距离.txt,False,False,,
068,错遇一程误半生,,,无信号,,,,10043,28899,错遇一程误半生.txt,False,False,,
069,打错彩票后，表姐让我赔一百万,,,C,3,1307,7.1755,10313,28529,打错彩票后，表姐让我赔一百万.txt,True,False,,
070,打赌我不敢退婚？我退群后他悔疯了,,,小扑,2,959,6.8659,11202,32750,打赌我不敢退婚？我退群后他悔疯了.txt,True,False,,
071,大姑姐拖家八口避暑，我直接交手机进修让老公接待,,,A,5,11619,9.3604,41627,108801,大姑姐拖家八口避暑，我直接交手机进修让老公接待.txt,True,False,,
072,大姑姐问我要九十九万陪嫁，我让她滚,,,C,3,1004,6.9117,9816,28756,大姑姐问我要九十九万陪嫁，我让她滚.txt,True,False,,
073,弹幕让我斗表姐，我把她捧成活靶子,,,A,5,20535,9.9299,37153,99087,弹幕让我斗表姐，我把她捧成活靶子.txt,True,False,,
074,弹幕说老公今晚要杀妻！,,,无信号,,,,10587,29219,弹幕说老公今晚要杀妻！.txt,False,False,,
075,弹幕说男朋友拿我身份网恋骗人百万，我直接让他跪着求饶,,,C,3,1000,6.9078,14350,37742,弹幕说男朋友拿我身份网恋骗人百万，我直接让他跪着求饶.txt,True,False,,
076,弹幕说他绝嗣命，我只想让他平摊手术费,,,无信号,,,,27926,72282,弹幕说他绝嗣命，我只想让他平摊手术费.txt,False,False,,
077,弹幕预警后，我主动举报自己携带违禁品,,,无信号,,,,11131,28695,弹幕预警后，我主动举报自己携带违禁品.txt,False,False,,
078,当爱意凋零,,,无信号,,,,10517,30993,当爱意凋零.txt,False,False,,
079,当东北真千金遇上自闭症假千金,,,小扑,2,991,6.8987,12129,31167,当东北真千金遇上自闭症假千金.txt,True,False,,
080,当红小花抱着影帝家的狗子装它妈，那我是谁？,,,C,3,1036,6.9431,11106,32400,当红小花抱着影帝家的狗子装它妈，那我是谁？.txt,True,False,,
081,当然了游戏后，我成全了老公和女兄弟,,,无信号,,,,10517,30581,当然了游戏后，我成全了老公和女兄弟.txt,False,False,,
082,灯火未央，君已离席,,,小扑,2,982,6.8896,5401,15483,灯火未央，君已离席.txt,True,False,,
083,灯灭一次，不为旧人亮,,,B,4,4184,8.339,13086,37708,灯灭一次，不为旧人亮.txt,True,False,,
084,等不到第八日,,,无信号,,,,11777,33865,等不到第八日.txt,False,False,,
085,等待到荒芜时剧终人散,,,无信号,,,,10670,31357,等待到荒芜时剧终人散.txt,False,False,,
086,等烟火散尽，我也走远,,,C,3,1045,6.9518,10621,30397,等烟火散尽，我也走远.txt,True,False,,
087,等一场永昼长明,,,无信号,,,,9628,27756,等一场永昼长明.txt,False,False,,
088,低于五位数的转账，到底该怎么花啊,,,小扑,2,960,6.8669,17918,52484,低于五位数的转账，到底该怎么花啊.txt,True,False,,
089,弟弟满月酒当天，我家破人亡,,,小扑,2,997,6.9048,14169,41530,弟弟满月酒当天，我家破人亡.txt,True,False,,
090,弟弟确诊自闭症那天，我再也没有妈妈了,,,B,4,9425,9.1511,12745,33159,弟弟确诊自闭症那天，我再也没有妈妈了.txt,True,False,,
091,第八次领证失败后，我换人结婚了,,,C,3,1282,7.1562,27358,68536,第八次领证失败后，我换人结婚了.txt,True,False,,
092,东风解我意，风止意难平,,,小扑,2,990,6.8977,10760,30930,东风解我意，风止意难平.txt,True,False,,
093,峒寨莺声，穿林渡翠微,,,B,4,5719,8.6515,23414,68070,峒寨莺声，穿林渡翠微.txt,True,False,,
094,儿子被诬陷偷窃开除，我把污蔑者告到痛哭流涕,,,小扑,2,999,6.9068,11186,32202,儿子被诬陷偷窃开除，我把污蔑者告到痛哭流涕.txt,True,False,,
095,儿子非要把前夫接来吃饭，我一气跟儿子断绝母子情,,,小扑,2,979,6.8865,14378,42427,儿子非要把前夫接来吃饭，我一气跟儿子断绝母子情.txt,True,False,,
096,二十年前她害我入贱籍，二十年后我亲点她女儿和亲,,,无信号,,,,11848,34686,二十年前她害我入贱籍，二十年后我亲点她女儿和亲.txt,False,False,,
097,番塔年年燃，离别岁岁长,,,无信号,,,,12019,35414,番塔年年燃，离别岁岁长.txt,False,False,,
098,反方向的钟永远拨不回正,,,无信号,,,,10755,30711,反方向的钟永远拨不回正.txt,False,False,,
099,飞鸟已乘风，不候迟来人,,,小扑,2,990,6.8977,11769,34351,飞鸟已乘风，不候迟来人.txt,True,False,,
100,飞霜冷透七夕情,,,无信号,,,,11905,33311,飞霜冷透七夕情.txt,False,False,,
101,废蕾丝与旧银链,,,小扑,2,990,6.8977,11084,31742,废蕾丝与旧银链.txt,True,False,,
102,分手后，前男友的替身们对我一见钟情,,,B,4,4059,8.3087,12130,35142,分手后，前男友的替身们对我一见钟情.txt,True,False,,
103,分手后，我取消了前女友87项自动代付功能,,,S,6,264194,12.4844,16023,40869,分手后，我取消了前女友87项自动代付功能.txt,True,False,,
104,分手后我让共友闺蜜二选一，她走向了男友,,,无信号,,,,10853,31677,分手后我让共友闺蜜二选一，她走向了男友.txt,False,False,,
105,风吹过空白的素描本,,,C,3,1010,6.9177,13678,40110,风吹过空白的素描本.txt,True,False,,
106,风吹银铃，再无明远,,,小扑,2,978,6.8855,11991,34819,风吹银铃，再无明远.txt,True,False,,
107,风过寒凉，唯余旧梦碎,,,小扑,2,968,6.8752,13616,36564,风过寒凉，唯余旧梦碎.txt,True,False,,
108,风景都看完，不必说错过,,,无信号,,,,11652,34266,风景都看完，不必说错过.txt,False,False,,
109,风来的那天，我退出了三人群,,,小扑,2,966,6.8732,13342,38568,风来的那天，我退出了三人群.txt,True,False,,
110,风没来，你也没来,,,无信号,,,,33492,98791,风没来，你也没来.txt,False,False,,
111,风起时她不再回头,,,无信号,,,,1256,3684,风起时她不再回头.txt,False,False,,
112,风雪葬尽当年意,,,小扑,2,994,6.9017,14409,41397,风雪葬尽当年意.txt,True,False,,
113,风雨无你终别离,,,C,3,1016,6.9236,10822,30816,风雨无你终别离.txt,True,False,,
114,夫君火烧我后院，我反手抄他私藏的龙袍,,,C,3,1027,6.9344,14334,41752,夫君火烧我后院，我反手抄他私藏的龙袍.txt,True,False,,
115,夫君装脸盲娶走嫡姐后，我换嫁摄政王,,,C,3,2358,7.7656,12135,33857,夫君装脸盲娶走嫡姐后，我换嫁摄政王.txt,True,False,,
116,浮梦散尽，从此山水不相逢,,,小扑,2,959,6.8659,12444,36798,浮梦散尽，从此山水不相逢.txt,True,False,,
117,浮生皆过客，我自踏长风,,,C,3,1049,6.9556,11832,34898,浮生皆过客，我自踏长风.txt,True,False,,
118,浮生一戏，终是离人,,,无信号,,,,21933,64888,浮生一戏，终是离人.txt,False,False,,
119,浮生自有清风渡,,,C,3,1035,6.9422,27254,80648,浮生自有清风渡.txt,True,False,,
120,父亲出殡，丈夫为青梅误吉时，我扶灵上山就离婚,,,小扑,2,950,6.8565,11615,31993,父亲出殡，丈夫为青梅误吉时，我扶灵上山就离婚.txt,True,False,,
121,富士山的雪，落不进我房间的窗,,,小扑,2,971,6.8783,13866,39294,富士山的雪，落不进我房间的窗.txt,True,False,,
122,干女儿让我立下遗嘱，才能怀孕生自己的孩子,,,C,3,1045,6.9518,11101,32535,干女儿让我立下遗嘱，才能怀孕生自己的孩子.txt,True,False,,
123,刚被新院长贬职，回家他竟成了我的相亲对象,,,小扑,2,994,6.9017,28947,83765,刚被新院长贬职，回家他竟成了我的相亲对象.txt,True,False,,
124,刚怀孕老公贷款500万给婆婆买大平层，我也给我妈买！,,,小扑,2,961,6.868,12293,32897,刚怀孕老公贷款500万给婆婆买大平层，我也给我妈买！.txt,True,False,,
125,高考报考院校以彩礼为基准,,,C,3,1006,6.9137,16961,44773,高考报考院校以彩礼为基准.txt,True,False,,
126,高考出分当天，我让假千金全家跪在我妈墓碑前道歉,,,C,3,1013,6.9207,11805,31727,高考出分当天，我让假千金全家跪在我妈墓碑前道歉.txt,True,False,,
127,高考出分后，嫂子要加彩礼,,,C,3,1028,6.9354,10894,30126,高考出分后，嫂子要加彩礼.txt,True,False,,
128,高考分数屏蔽后，妈妈却为情夫儿子逼我落榜,,,小扑,2,960,6.8669,22054,64439,高考分数屏蔽后，妈妈却为情夫儿子逼我落榜.txt,True,False,,
129,高考结束后，女儿说她陪我演了三年,,,C,3,1005,6.9127,11675,33835,高考结束后，女儿说她陪我演了三年.txt,True,False,,
130,哥哥的肾和他的白月光，重生后我选择两个都不救,,,C,3,1765,7.4759,16632,43324,哥哥的肾和他的白月光，重生后我选择两个都不救.txt,True,False,,
131,搁浅在岸边的期许,,,小扑,2,989,6.8967,12681,35481,搁浅在岸边的期许.txt,True,False,,
132,各给52万留学，8年后继子博士归来亲儿拎破箱，我傻了,,,A,5,18498,9.8254,33906,89876,各给52万留学，8年后继子博士归来亲儿拎破箱，我傻了.txt,True,False,,
133,给你的爱停在红灯前,,,无信号,,,,11228,32504,给你的爱停在红灯前.txt,False,False,,
134,给婆婆养老7年她说我是好儿媳，却偷偷把金条给弟媳,,,小扑,2,998,6.9058,11639,31451,给婆婆养老7年她说我是好儿媳，却偷偷把金条给弟媳.txt,True,False,,
135,根扎对了才开花,,,无信号,,,,12247,35277,根扎对了才开花 .txt,False,False,,
136,公公踢我出家族群骂我外人，我反手讨债87万，全家慌了,,,小扑,2,972,6.8794,15827,42577,公公踢我出家族群骂我外人，我反手讨债87万，全家慌了.txt,True,False,,
137,公平和偏爱，都不属于我,,,无信号,,,,9544,27748,公平和偏爱，都不属于我.txt,False,False,,
138,公司同事让我给一折买房优惠，到了售楼处后傻眼了,,,C,3,1034,6.9412,11955,33109,公司同事让我给一折买房优惠，到了售楼处后傻眼了.txt,True,False,,
139,攻略结束后，他们悔疯了,,,C,3,1035,6.9422,11704,33478,攻略结束后，他们悔疯了.txt,True,False,,
140,狗仔重生后，锤爆豪门,,,小扑,2,961,6.868,12315,35415,狗仔重生后，锤爆豪门.txt,True,False,,
141,姑姑污蔑我偷了五金后，我直接承认,,,无信号,,,,11061,32633,姑姑污蔑我偷了五金后，我直接承认.txt,False,False,,
142,姑丈盖章跑九趟没办成？我一个电话领导跪满大厅,,,无信号,,,,16610,47936,姑丈盖章跑九趟没办成？我一个电话领导跪满大厅.txt,False,False,,
143,关门那一刻，哥哥女友换了张脸,,,C,3,1341,7.2012,15621,39841,关门那一刻，哥哥女友换了张脸.txt,True,False,,
144,关山雪尽不见故人,,,C,3,1048,6.9546,13829,34939,关山雪尽不见故人.txt,True,False,,
145,归来后发现她怀孕，好兄弟竟在视频里对我笑,,,C,3,1017,6.9246,33700,91636,归来后发现她怀孕，好兄弟竟在视频里对我笑.txt,True,False,,
146,归去来兮无旧人,,,C,3,1032,6.9393,13140,38014,归去来兮无旧人.txt,True,False,,
147,闺蜜绑定高考分数转移系统后，我反手让她出尽风头,,,小扑,2,992,6.8997,13775,36615,闺蜜绑定高考分数转移系统后，我反手让她出尽风头.txt,True,False,,
148,闺蜜发照挑衅，我直接公开处刑，朋友圈杀疯了,,,C,3,1023,6.9305,20199,52397,闺蜜发照挑衅，我直接公开处刑，朋友圈杀疯了.txt,True,False,,
149,闺蜜假清高拒绝被收养，看我被八个哥哥宠上天后她悔疯了,,,A,5,16704,9.7234,11309,29983,闺蜜假清高拒绝被收养，看我被八个哥哥宠上天后她悔疯了.txt,True,False,,
150,闺蜜恐婚却恨嫁我男友,,,无信号,,,,9493,27635,闺蜜恐婚却恨嫁我男友.txt,False,False,,
151,闺蜜亲自护送健忘男友第九次领证，可我不会去了,,,无信号,,,,12444,36412,闺蜜亲自护送健忘男友第九次领证，可我不会去了.txt,False,False,,
152,贵妃想拿死胎换我，可我有婴语技能啊,,,小扑,2,979,6.8865,12793,34877,贵妃想拿死胎换我，可我有婴语技能啊.txt,True,False,,
153,过海关前被举报走私黄金，我靠弹幕反杀顶替者,,,小扑,2,979,6.8865,13914,35914,过海关前被举报走私黄金，我靠弹幕反杀顶替者.txt,True,False,,
154,过年陪回光返照的奶奶玩捉迷藏后，全家都消失了,,,无信号,,,,8765,25525,过年陪回光返照的奶奶玩捉迷藏后，全家都消失了.txt,False,False,,
155,海岛的风，倾听不了第四个人的秘密,,,小扑,2,996,6.9037,14576,41336,海岛的风，倾听不了第四个人的秘密.txt,True,False,,
156,寒窗苦读十八年，我终于和老师儿子一起毕业,,,无信号,,,,8714,25661,寒窗苦读十八年，我终于和老师儿子一起毕业.txt,False,False,,
157,寒光不照朱门客,,,小扑,2,977,6.8845,17189,48282,寒光不照朱门客.txt,True,False,,
158,寒月错望青禾,,,无信号,,,,31632,92050,寒月错望青禾.txt,False,False,,
159,豪门调包现场，我靠司命神通自救,,,无信号,,,,13394,38108,豪门调包现场，我靠司命神通自救 .txt,False,False,,
160,豪门金牌饲养员的离职报告,,,小扑,2,952,6.8586,14012,36412,豪门金牌饲养员的离职报告.txt,True,False,,
161,惊！室友举报我作弊，我都没考公你举报什么？,,,小扑,2,954,6.8607,15609,40631,惊！室友举报我作弊，我都没考公你举报什么？.txt,True,False,,
162,九尾娘娘诞下一尾幼崽后，我靠听见心声拯救小主人,,,无信号,,,,10920,31905,九尾娘娘诞下一尾幼崽后，我靠听见心声拯救小主人.txt,False,False,,
163,旧地你未出现过，我也千次万次错,,,无信号,,,,9900,29111,旧地你未出现过，我也千次万次错.txt,False,False,,
164,旧梦坠落，爱恨尽舍,,,无信号,,,,10509,30543,旧梦坠落，爱恨尽舍.txt,False,False,,
165,旧事随风渡，我自赴江鸿,,,小扑,2,954,6.8607,11791,34359,旧事随风渡，我自赴江鸿.txt,True,False,,
166,旧锁不识来时路,,,无信号,,,,10830,31234,旧锁不识来时路.txt,False,False,,
167,救了货车司机后反被他老婆污蔑停职，后来她悔疯了,,,小扑,2,951,6.8575,11243,30647,救了货车司机后反被他老婆污蔑停职，后来她悔疯了.txt,True,False,,
168,救命洋娃娃，戳穿幼师人贩子圈套,,,无信号,,,,10202,29965,救命洋娃娃，戳穿幼师人贩子圈套.txt,False,False,,
169,军校名额被顶替后，我说出了妈妈的警号,,,C,3,1023,6.9305,14040,36472,军校名额被顶替后，我说出了妈妈的警号.txt,True,False,,
170,军训被妈妈关进封闭车中后，她悔疯了,,,C,3,1038,6.9451,10523,30617,军训被妈妈关进封闭车中后，她悔疯了.txt,True,False,,
171,开学被妈妈抢走生活费后，我不要这个家了,,,小扑,2,983,6.8906,10546,30932,开学被妈妈抢走生活费后，我不要这个家了.txt,True,False,,
172,看到弹幕后，发小690上大专,,,小扑,2,994,6.9017,12401,34401,看到弹幕后，发小690上大专.txt,True,False,,
173,看到弹幕后，我改写了男频后宫文的结局,,,A,5,33483,10.4188,12171,35959,看到弹幕后，我改写了男频后宫文的结局.txt,True,False,,
174,看上支教老师了，怎么让她当我老婆？,,,小扑,2,997,6.9048,14286,36742,看上支教老师了，怎么让她当我老婆？.txt,True,False,,
175,看着红包里的区别对待，我趁全家旅游远走高飞,,,无信号,,,,12108,35511,看着红包里的区别对待，我趁全家旅游远走高飞.txt,False,False,,
176,考上北大遭继妹眼红，父亲直接废了我双腿！,,,C,3,1047,6.9537,17422,50659,考上北大遭继妹眼红，父亲直接废了我双腿！.txt,True,False,,
177,考上清大后我偷了爸妈五千块钱交学费，他们报警后悔疯了,,,S,6,102095,11.5337,11665,33443,考上清大后我偷了爸妈五千块钱交学费，他们报警后悔疯了.txt,True,False,,
178,考研失利教授男友罚背家训,,,C,3,1043,6.9499,11452,33594,考研失利教授男友罚背家训.txt,True,False,,
179,空位落满昨日尘,,,C,3,1047,6.9537,11845,34328,空位落满昨日尘.txt,True,False,,
180,苦恨年年压金线,,,小扑,2,959,6.8659,12828,37194,苦恨年年压金线.txt,True,False,,
181,老公爱上吃鸡后，我选择离婚,,,小扑,2,963,6.8701,11660,31708,老公爱上吃鸡后，我选择离婚.txt,True,False,,
182,老公爱徒污蔑我藏私，我反手送他们上路,,,无信号,,,,10090,29152,老公爱徒污蔑我藏私，我反手送他们上路.txt,False,False,,
183,老公把我的职位送给实习生后，我离婚了,,,无信号,,,,10681,30975,老公把我的职位送给实习生后，我离婚了.txt,False,False,,
184,老公半夜三点打电话让我挪车，我反手报警他杀人藏尸,,,A,5,14111,9.5547,18567,48549,老公半夜三点打电话让我挪车，我反手报警他杀人藏尸.txt,True,False,,
185,老公故意失联逼我放弃抚养权，回来后他却悔疯了,,,C,3,1027,6.9344,14112,39168,老公故意失联逼我放弃抚养权，回来后他却悔疯了.txt,True,False,,
186,老公和闺蜜阻我儿子考公路，弹幕帮我直接反杀,,,小扑,2,984,6.8916,15057,39813,老公和闺蜜阻我儿子考公路，弹幕帮我直接反杀.txt,True,False,,
187,老公联手小白花篡改病历，我靠预知弹幕杀疯了,,,小扑,2,968,6.8752,11827,33751,老公联手小白花篡改病历，我靠预知弹幕杀疯了.txt,True,False,,
188,老公拿一具死胎换走我女儿,,,A,5,10501,9.2592,10481,30624,老公拿一具死胎换走我女儿.txt,True,False,,
189,老公女秘书让我坐货梯，可我是总裁,,,无信号,,,,12499,34697,老公女秘书让我坐货梯，可我是总裁.txt,False,False,,
190,老公青梅离婚他也离，我死心离开后他哭什么,,,小扑,2,970,6.8773,11410,33044,老公青梅离婚他也离，我死心离开后他哭什么.txt,True,False,,
191,老公劝我贱卖老破小，弹幕说私生子要抢我女儿学位,,,C,3,1038,6.9451,12864,33878,老公劝我贱卖老破小，弹幕说私生子要抢我女儿学位.txt,True,False,,
192,老公让我别计较，婆婆替我计较了,,,C,3,1006,6.9137,15793,40965,老公让我别计较，婆婆替我计较了.txt,True,False,,
193,老公说结婚和恋爱择偶标准不同，我表示赞同,,,小扑,2,994,6.9017,19877,57659,老公说结婚和恋爱择偶标准不同，我表示赞同.txt,True,False,,
194,老婆带男闺蜜出国八年，我清空两千三百万账户,,,小扑,2,977,6.8845,13770,39374,老婆带男闺蜜出国八年，我清空两千三百万账户.txt,True,False,,
195,老婆绯闻对象在我家开直播冒充我，我杀疯了,,,小扑,2,982,6.8896,10916,32346,老婆绯闻对象在我家开直播冒充我，我杀疯了.txt,True,False,,
196,老婆假死考验我夫徳，我主动约富婆后她却悔疯了,,,无信号,,,,8554,25141,老婆假死考验我夫徳，我主动约富婆后她却悔疯了.txt,False,False,,
197,老婆破产后，全城等着看我跑路,,,C,3,1119,7.0202,17557,45715,老婆破产后，全城等着看我跑路.txt,True,False,,
198,老婆让实习生当众掌掴我妈，视频还被发家族群,,,B,4,8092,8.9986,14636,36976,老婆让实习生当众掌掴我妈，视频还被发家族群.txt,True,False,,
199,老婆为哄小白脸骗我离婚，我假死娶白富美破防什么,,,无信号,,,,21497,62507,老婆为哄小白脸骗我离婚，我假死娶白富美破防什么.txt,False,False,,
200,冷雨熄了五年灯，爱意埋葬在风里,,,无信号,,,,11557,32239,冷雨熄了五年灯，爱意埋葬在风里.txt,False,False,,
201,离婚冷静期是给后悔的人准备的，可我是清醒,,,小扑,2,972,6.8794,8879,26027,离婚冷静期是给后悔的人准备的，可我是清醒.txt,True,False,,
202,离婚五年后回国，前妻求着复婚,,,无信号,,,,24794,71637,离婚五年后回国，前妻求着复婚.txt,False,False,,
203,离开你，我的世界阳光遍地,,,C,3,1015,6.9226,13845,40261,离开你，我的世界阳光遍地 .txt,True,False,,
204,连双拖鞋都不给我留的家，不回了梁安,,,无信号,,,,11240,32290,连双拖鞋都不给我留的家，不回了梁安.txt,False,False,,
205,恋爱四年，男友建了一个没有我的群,,,S,6,340055,12.7369,17518,46604,恋爱四年，男友建了一个没有我的群.txt,True,False,,
206,邻居阿姨造谣我爸偷看她洗澡，重生后我杀疯了,,,小扑,2,972,6.8794,12330,36419,邻居阿姨造谣我爸偷看她洗澡，重生后我杀疯了.txt,True,False,,
207,邻居出差让我帮忙照看老人，弹幕却说老人已经死了,,,B,4,3982,8.2895,16215,47366,邻居出差让我帮忙照看老人，弹幕却说老人已经死了.txt,True,False,,
208,邻居非说我考上清华的儿子侵犯她女儿，我掏出手机直播后她后悔了,,,C,3,1003,6.9108,19957,53009,邻居非说我考上清华的儿子侵犯她女儿，我掏出手机直播后她后悔了.txt,True,False,,
209,邻居让我帮忙提婴儿车，弹幕却让我别碰,,,A,5,50124,10.8223,17632,48038,邻居让我帮忙提婴儿车，弹幕却让我别碰.txt,True,False,,
210,邻居偷接电表害死我妈，三十年后我停了他家拆迁款,,,C,3,1024,6.9315,9333,27352,邻居偷接电表害死我妈，三十年后我停了他家拆迁款.txt,True,False,,
211,凛冬结束，我们的爱情再无春天,,,无信号,,,,30362,82080,凛冬结束，我们的爱情再无春天.txt,False,False,,
212,凌晨儿子拉我躲进芦苇荡，天亮后丈夫的微信来了,,,无信号,,,,10542,31010,凌晨儿子拉我躲进芦苇荡，天亮后丈夫的微信来了.txt,False,False,,
213,零下十五度的告别,,,小扑,2,957,6.8638,12023,32387,零下十五度的告别.txt,True,False,,
214,领证当晚，公公说彩礼降到8888元,,,C,3,1020,6.9276,12066,34942,领证当晚，公公说彩礼降到8888元.txt,True,False,,
215,领证第27次被放鸽子后，我转身嫁给他哥,,,C,3,1008,6.9157,14073,36897,领证第27次被放鸽子后，我转身嫁给他哥.txt,True,False,,
216,留不住蓝伞，也留不住我,,,C,3,1989,7.5954,12932,36286,留不住蓝伞，也留不住我.txt,True,False,,
217,流放十二年平反，夫君儿子都不认我,,,无信号,,,,12276,35952,流放十二年平反，夫君儿子都不认我.txt,False,False,,
218,录取通知书被撕碎，我在警局掏出爷爷的证书,,,小扑,2,986,6.8937,10901,31945,录取通知书被撕碎，我在警局掏出爷爷的证书.txt,True,False,,
219,落地前我发出了求救暗号,,,小扑,2,955,6.8617,11379,32323,落地前我发出了求救暗号.txt,True,False,,
220,妈妈替我记了十二年工时,,,C,3,1025,6.9324,22843,66079,妈妈替我记了十二年工时.txt,True,False,,
221,妈妈为避嫌逼犯哮喘的我军训后，悔疯了,,,无信号,,,,10566,30704,妈妈为避嫌逼犯哮喘的我军训后，悔疯了.txt,False,False,,
222,妈妈为给妹妹填志愿，夺走了我心脏电源,,,无信号,,,,9505,27489,妈妈为给妹妹填志愿，夺走了我心脏电源.txt,False,False,,
223,妈妈照顾了我二十年后，我被全网骂上了热搜,,,无信号,,,,13080,38593,妈妈照顾了我二十年后，我被全网骂上了热搜.txt,False,False,,
224,麦子熟了，俺的男人走了,,,无信号,,,,9868,29090,麦子熟了，俺的男人走了.txt,False,False,,
225,满城春风独我寒,,,无信号,,,,9442,27470,满城春风独我寒.txt,False,False,,
226,满室灰尘，藏二十年偏心谎言,,,小扑,2,998,6.9058,13632,39322,满室灰尘，藏二十年偏心谎言.txt,True,False,,
227,没给我留位置的家，我不要了,,,无信号,,,,9768,26126,没给我留位置的家，我不要了.txt,False,False,,
228,没有拍卖到粉钻戒指后，我和老公离婚了,,,B,4,4665,8.4478,15212,44186,没有拍卖到粉钻戒指后，我和老公离婚了.txt,True,False,,
229,梅子落于无尽夏,,,C,3,1194,7.0851,12135,32879,梅子落于无尽夏.txt,True,False,,
230,妹妹的烧烤店一天流水三万六，可她的店开在殡仪馆旁边,,,无信号,,,,11945,35086,妹妹的烧烤店一天流水三万六，可她的店开在殡仪馆旁边.txt,False,False,,
231,妹妹抢我玉佩嫁侯爷，拜堂时他认出了我的血,,,无信号,,,,12102,30666,妹妹抢我玉佩嫁侯爷，拜堂时他认出了我的血.txt,False,False,,
232,陌生男占车位打人，保安收他烟帮他,,,C,3,1009,6.9167,11391,33910,陌生男占车位打人，保安收他烟帮他.txt,True,False,,
233,墨洇纸碎断恩情,,,小扑,2,962,6.869,13338,38752,墨洇纸碎断恩情.txt,True,False,,
234,母亲的闺训簿,,,无信号,,,,13059,37607,母亲的闺训簿.txt,False,False,,
235,那场等了七年的集体婚礼，我和闺蜜不办了,,,C,3,2620,7.8709,17125,46825,那场等了七年的集体婚礼，我和闺蜜不办了.txt,True,False,,
236,那年风起落花深,,,C,3,1040,6.947,23459,68419,那年风起落花深.txt,True,False,,
237,那年心动误归期,,,无信号,,,,25197,73559,那年心动误归期.txt,False,False,,
238,那天，我买了一张单程票,,,无信号,,,,21232,62220,那天，我买了一张单程票.txt,False,False,,
239,奶奶绑定容貌转移系统，升学宴我让她把偷我的还给我,,,C,3,1037,6.9441,14978,43062,奶奶绑定容貌转移系统，升学宴我让她把偷我的还给我.txt,True,False,,
240,奈何深情意难平,,,C,3,1016,6.9236,8651,25387,奈何深情意难平.txt,True,False,,
241,男同学造谣我老婆骚扰，教室录音让他当场社死,,,小扑,2,975,6.8824,14769,38743,男同学造谣我老婆骚扰，教室录音让他当场社死.txt,True,False,,
242,男友不许姐姐喝冰啤酒后，我分手了,,,A,5,26342,10.1789,11894,32490,男友不许姐姐喝冰啤酒后，我分手了.txt,True,False,,
243,男友出轨闺蜜后，我不再试图挽救他们了,,,C,3,1025,6.9324,11861,33705,男友出轨闺蜜后，我不再试图挽救他们了.txt,True,False,,
244,男友的幸运数字是3，我给他3个选择后他后悔了,,,无信号,,,,12619,37057,男友的幸运数字是3，我给他3个选择后他后悔了.txt,False,False,,
245,男友教学妹练车三年没过科目二，我分手了,,,C,3,1027,6.9344,12297,35823,男友教学妹练车三年没过科目二，我分手了.txt,True,False,,
246,男友骗我给校花配型，重生后我让他喜提银手镯,,,小扑,2,967,6.8742,13719,36501,男友骗我给校花配型，重生后我让他喜提银手镯.txt,True,False,,
247,男友为避嫌和闺蜜坐一起，离开他悔疯了,,,C,3,2089,7.6444,10628,30764,男友为避嫌和闺蜜坐一起，离开他悔疯了.txt,True,False,,
248,男友遗言留给闺蜜，我不再追着他走,,,C,3,1014,6.9217,10912,31480,男友遗言留给闺蜜，我不再追着他走.txt,True,False,,
249,男友找我借点翠凤冠，给女明星戴着直播炫耀,,,C,3,1692,7.4337,16812,49213,男友找我借点翠凤冠，给女明星戴着直播炫耀.txt,True,False,,
250,男友装穷骗我，我利用他跨越阶级,,,B,4,8387,9.0344,13676,36990,男友装穷骗我，我利用他跨越阶级.txt,True,False,,
251,男友纵容村花害我染脏病，我笑着说染病的是你啊,,,C,3,1049,6.9556,10590,30684,男友纵容村花害我染脏病，我笑着说染病的是你啊.txt,True,False,,
252,南望古墓，辞我故人,,,无信号,,,,11345,32919,南望古墓，辞我故人.txt,False,False,,
253,你不是我的伴娘，他不是我的新郎,,,C,3,1009,6.9167,10412,30384,你不是我的伴娘，他不是我的新郎.txt,True,False,,
254,你不愿背起的幸福，我给别人了,,,无信号,,,,11102,32330,你不愿背起的幸福，我给别人了.txt,False,False,,
255,你的不要，是别人的刚好,,,C,3,1048,6.9546,14530,42037,你的不要，是别人的刚好.txt,True,False,,
256,你的许诺全是背叛,,,小扑,2,969,6.8763,10353,30293,你的许诺全是背叛.txt,True,False,,
257,你就让让她,,,C,3,1008,6.9157,10753,31410,你就让让她.txt,True,False,,
258,你我须臾片刻就好,,,小扑,2,975,6.8824,11586,33392,你我须臾片刻就好.txt,True,False,,
259,你拥清月，我辞故人,,,无信号,,,,11176,32660,你拥清月，我辞故人.txt,False,False,,
260,年年雪落终有时,,,无信号,,,,33084,96594,年年雪落终有时.txt,False,False,,
261,年薪1200万每月给妹妹8万后，妹夫要求每月涨到70万,,,A,5,23669,10.0719,35942,105022,年薪1200万每月给妹妹8万后，妹夫要求每月涨到70万.txt,True,False,,
262,娘亲刮分我的系统，这个福宝我不当了,,,无信号,,,,9407,27413,娘亲刮分我的系统，这个福宝我不当了.txt,False,False,,
263,孽胎到底在谁的肚子里啊,,,小扑,2,973,6.8804,10296,28668,孽胎到底在谁的肚子里啊.txt,True,False,,
264,女儿病危，老公却让我提前24h申请手术费,,,小扑,2,981,6.8886,11324,33034,女儿病危，老公却让我提前24h申请手术费.txt,True,False,,
265,女儿的36万高考账单,,,C,3,1004,6.9117,10072,29318,女儿的36万高考账单.txt,True,False,,
266,女儿的早教课,,,无信号,,,,14736,39507,女儿的早教课.txt,False,False,,
267,女儿凌晨拽我逃命？在酒店睡到次日，业主群炸锅了,,,无信号,,,,40009,103715,女儿凌晨拽我逃命？在酒店睡到次日，业主群炸锅了.txt,False,False,,
268,女儿生日当天被污蔑成野种，我直接给她找了个新爸爸,,,小扑,2,987,6.8947,11704,33884,女儿生日当天被污蔑成野种，我直接给她找了个新爸爸.txt,True,False,,
269,女儿死后第十年，我接到了前妻的求助电话,,,无信号,,,,10762,31642,女儿死后第十年，我接到了前妻的求助电话.txt,False,False,,
270,女学生造谣我丈夫骚扰，教室录音让她当场社死,,,C,3,1014,6.9217,14888,39082,女学生造谣我丈夫骚扰，教室录音让她当场社死.txt,True,False,,
271,女友不给我买表后，我跟她提分手了,,,B,4,5775,8.6613,15134,44070,女友不给我买表后，我跟她提分手了.txt,True,False,,
272,女友让学习搭子回恋爱消息后，我分手了,,,无信号,,,,11132,32586,女友让学习搭子回恋爱消息后，我分手了.txt,False,False,,
273,判定死亡2190天，我从边境毒窟爬回来了,,,C,3,1021,6.9285,25798,74022,判定死亡2190天，我从边境毒窟爬回来了.txt,True,False,,
274,抛绣球当日世子要我嫁给乞丐，我母仪天下了,,,C,3,1047,6.9537,13493,35563,抛绣球当日世子要我嫁给乞丐，我母仪天下了.txt,True,False,,
275,骗我净身出户？我搬空全家，顾总出差回来疯了,,,C,3,1043,6.9499,28462,82724,骗我净身出户？我搬空全家，顾总出差回来疯了.txt,True,False,,
276,贫困生给我的换命茶，我反手给瘫痪多年的老奶喝,,,S,6,326638,12.6966,12026,31010,贫困生给我的换命茶，我反手给瘫痪多年的老奶喝.txt,True,False,,
277,贫困生男大说我女儿倒贴他后，我让全校看了监控,,,C,3,1017,6.9246,12385,35407,贫困生男大说我女儿倒贴他后，我让全校看了监控.txt,True,False,,
278,贫困生偷走我的味觉后，我狂炫了五十几芒果,,,小扑,2,979,6.8865,9849,27343,贫困生偷走我的味觉后，我狂炫了五十几芒果.txt,True,False,,
279,品学兼优的女儿把我骂了,,,C,3,1044,6.9508,13058,37876,品学兼优的女儿把我骂了.txt,True,False,,
280,婆婆包了韭菜鸡蛋馅的饺子，我吃完后她崩溃了,,,S,6,127946,11.7594,41245,107741,婆婆包了韭菜鸡蛋馅的饺子，我吃完后她崩溃了.txt,True,False,,
281,婆婆怀里的孩子到底是谁的,,,小扑,2,994,6.9017,12098,33230,婆婆怀里的孩子到底是谁的.txt,True,False,,
282,婆婆抢我救命钱给小姑子整容，我反手送全家进深渊,,,C,3,1022,6.9295,12273,33317,婆婆抢我救命钱给小姑子整容，我反手送全家进深渊.txt,True,False,,
283,婆婆寿宴骂我儿子是野种，我反手认下她却先疯了,,,C,3,1021,6.9285,11665,30763,婆婆寿宴骂我儿子是野种，我反手认下她却先疯了.txt,True,False,,
284,剖腹产第二天，我叫来了离婚律师,,,B,4,8900,9.0938,11775,34323,剖腹产第二天，我叫来了离婚律师.txt,True,False,,
285,妻子把我的方案送情人，董事长点名我拒讲,,,B,4,6394,8.7631,26333,69713,妻子把我的方案送情人，董事长点名我拒讲.txt,True,False,,
286,妻子说不买房结婚？58岁查公积金账户时我傻眼了,,,B,4,3390,8.1286,35037,100639,妻子说不买房结婚？58岁查公积金账户时我傻眼了.txt,True,False,,
287,妻子说怕人吃醋，与我分房三年,,,B,4,5444,8.6023,18221,52675,妻子说怕人吃醋，与我分房三年.txt,True,False,,
288,妻子替男上司生娃还刷我的卡？我冻结资产，妻子慌了,,,小扑,2,957,6.8638,16707,45339,妻子替男上司生娃还刷我的卡？我冻结资产，妻子慌了.txt,True,False,,
289,千里相约一朝落空,,,无信号,,,,9038,26350,千里相约一朝落空.txt,False,False,,
290,牵牛花开在没有偏心的夏天,,,无信号,,,,10764,31505,牵牛花开在没有偏心的夏天.txt,False,False,,
291,前尘皆过客，我自赴长风,,,无信号,,,,10834,31956,前尘皆过客，我自赴长风.txt,False,False,,
292,前夫为白月光骂我精神病我反手拉响警报,,,无信号,,,,10597,30643,前夫为白月光骂我精神病我反手拉响警报.txt,False,False,,
293,前路至此，便是终点,,,无信号,,,,9515,27935,前路至此，便是终点.txt,False,False,,
294,前男友带新欢住进我家，我反手发了律师函,,,小扑,2,990,6.8977,12380,33112,前男友带新欢住进我家，我反手发了律师函.txt,True,False,,
295,亲戚借车自驾游，归还时车身藏了两百斤违禁品,,,B,4,6083,8.7133,12001,30863,亲戚借车自驾游，归还时车身藏了两百斤违禁品.txt,True,False,,
296,清冷禁欲的霸总老公失忆后，我带着千万资产带球跑了,,,C,3,1018,6.9256,17347,46805,清冷禁欲的霸总老公失忆后，我带着千万资产带球跑了.txt,True,False,,
297,情侣套餐分她一半，我的未来没你一分,,,C,3,1049,6.9556,10755,31013,情侣套餐分她一半，我的未来没你一分.txt,True,False,,
298,请为自己勇敢千千万万次,,,C,3,1004,6.9117,11632,33724,请为自己勇敢千千万万次.txt,True,False,,
299,秋来时我已不等你了,,,小扑,2,975,6.8824,15394,44846,秋来时我已不等你了.txt,True,False,,
300,全公司都知道裁员是假的，除了我,,,A,5,57569,10.9607,17229,43033,全公司都知道裁员是假的，除了我.txt,True,False,,
301,全家偏心养妹后，我不要他们了,,,无信号,,,,10629,30875,全家偏心养妹后，我不要他们了.txt,False,False,,
302,全家让我放弃清华上二本，我奔向旷野了,,,无信号,,,,10931,31449,全家让我放弃清华上二本，我奔向旷野了.txt,False,False,,
303,全家人都想姐姐继承家业，殊不知我才是最后赢家,,,小扑,2,975,6.8824,15589,44174,全家人都想姐姐继承家业，殊不知我才是最后赢家.txt,True,False,,
304,全家说我是废物，我信了十八年,,,A,5,10569,9.2657,16421,42094,全家说我是废物，我信了十八年.txt,True,False,,
305,全家问斩，我爹狂爆家丑卡诛九族，皇帝当场听懵了,,,C,3,1013,6.9207,37573,96235,全家问斩，我爹狂爆家丑卡诛九族，皇帝当场听懵了.txt,True,False,,
306,全家用杀鸡儆猴逼我高考交白卷,,,无信号,,,,10705,30879,全家用杀鸡儆猴逼我高考交白卷.txt,False,False,,
307,全校第一带头罢考以后,,,C,3,1102,7.0049,32138,92208,全校第一带头罢考以后.txt,True,False,,
308,缺席了我人生二十年的公平，我不要了,,,C,3,1919,7.5596,10671,30695,缺席了我人生二十年的公平，我不要了.txt,True,False,,
309,缺席萨摩耶的全家福后，我退场了,,,无信号,,,,12213,35796,缺席萨摩耶的全家福后，我退场了.txt,False,False,,
310,让给妹妹二十年，我终于赎回我的黎明,,,小扑,2,993,6.9007,11412,31328,让给妹妹二十年，我终于赎回我的黎明.txt,True,False,,
311,让你出套卷子，没让你把全省考生逼疯啊,,,A,5,85091,11.3515,13541,33774,让你出套卷子，没让你把全省考生逼疯啊.txt,True,False,,
312,让你守山门，你把整个仙门掀了？,,,A,5,20300,9.9184,29655,77238,让你守山门，你把整个仙门掀了？.txt,True,False,,
313,让一让？高考后我让到两千公里外，妈你咋急了,,,C,3,1000,6.9078,39301,102299,让一让？高考后我让到两千公里外，妈你咋急了.txt,True,False,,
314,人间偏爱皆落空，南风千里送我行,,,小扑,2,980,6.8876,14706,42336,人间偏爱皆落空，南风千里送我行 .txt,True,False,,
315,认亲宴上，我第一个求真千金救我,,,B,4,7597,8.9355,23308,59708,认亲宴上，我第一个求真千金救我.txt,True,False,,
316,容忍不需天份，只要爱错一人,,,无信号,,,,10787,31573,容忍不需天份，只要爱错一人.txt,False,False,,
317,入住新房第一天，天花板里掏出一堆死鸡,,,小扑,2,987,6.8947,10600,30622,入住新房第一天，天花板里掏出一堆死鸡.txt,True,False,,
318,若是月亮还没来，路灯也可照窗台,,,无信号,,,,10721,31493,若是月亮还没来，路灯也可照窗台.txt,False,False,,
319,三次纵容小姑子，耗尽我整场婚姻温柔,,,小扑,2,983,6.8906,25054,68484,三次纵容小姑子，耗尽我整场婚姻温柔.txt,True,False,,
320,三个大佬爸爸的团宠女儿突然懂事后，他们疯了,,,小扑,2,989,6.8967,12073,33249,三个大佬爸爸的团宠女儿突然懂事后，他们疯了.txt,True,False,,
321,三个人的家，我不住了,,,小扑,2,991,6.8987,10873,31189,三个人的家，我不住了.txt,True,False,,
322,嫂子买通月嫂换子，我靠弹幕撕开亲子骗局,,,小扑,2,987,6.8947,10943,29023,嫂子买通月嫂换子，我靠弹幕撕开亲子骗局.txt,True,False,,
323,杀猪匠真千金回豪门，被全家宠上天,,,C,3,1006,6.9137,14823,39971,杀猪匠真千金回豪门，被全家宠上天.txt,True,False,,
324,山川失约，海风赴我,,,无信号,,,,10925,31846,山川失约，海风赴我.txt,False,False,,
325,商务座被占后，我直接花2000升头等舱,,,C,3,1034,6.9412,35463,103456,商务座被占后，我直接花2000升头等舱.txt,True,False,,
326,上辈子偷我孙女，这辈子我亲手抓贼,,,C,3,1009,6.9167,13048,34478,上辈子偷我孙女，这辈子我亲手抓贼.txt,True,False,,
327,舍友让我八点前回宿舍，我没回去，她们死了,,,小扑,2,991,6.8987,9923,29011,舍友让我八点前回宿舍，我没回去，她们死了.txt,True,False,,
328,舍友退租顺走备用钥匙，三天后她来开门了,,,A,5,49653,10.8128,36454,95970,舍友退租顺走备用钥匙，三天后她来开门了.txt,True,False,,
329,舍友想当我后妈说我爸侵犯她，可我爸远在千里之外啊,,,小扑,2,955,6.8617,11752,31906,舍友想当我后妈说我爸侵犯她，可我爸远在千里之外啊.txt,True,False,,
330,舍友造谣我女儿校园霸凌，宿舍录音对她公开处刑,,,C,3,1021,6.9285,13429,38819,舍友造谣我女儿校园霸凌，宿舍录音对她公开处刑.txt,True,False,,
331,谁稀罕当你的好妹妹，死对头他蓄谋已久,,,无信号,,,,12239,35701,谁稀罕当你的好妹妹，死对头他蓄谋已久.txt,False,False,,
332,谁许我一朝天上人间,,,无信号,,,,13425,38880,谁许我一朝天上人间.txt,False,False,,
333,深情散尽，风月无声,,,无信号,,,,21797,62576,深情散尽，风月无声.txt,False,False,,
334,什么真千金假千金的？谁在意啊,,,C,3,1030,6.9373,16557,45255,什么真千金假千金的？谁在意啊.txt,True,False,,
335,胜率97%的女友，为我打输了唯一一场官司,,,C,3,1021,6.9285,16886,49177,胜率97%的女友，为我打输了唯一一场官司.txt,True,False,,
336,盛夏繁花满天，不见故人,,,无信号,,,,10073,27299,盛夏繁花满天，不见故人.txt,False,False,,
337,失眠的夜没有尽头,,,A,5,11613,9.3599,11862,32060,失眠的夜没有尽头.txt,True,False,,
338,失忆后，球星男友说我们分了,,,无信号,,,,38586,112396,失忆后，球星男友说我们分了.txt,False,False,,
339,师娘说我夫君毁她清誉，看清是谁后她悔疯了,,,C,3,1163,7.0588,11001,30607,师娘说我夫君毁她清誉，看清是谁后她悔疯了.txt,True,False,,
340,十一次的误认，十七次的沉默,,,C,3,1004,6.9117,13860,40469,十一次的误认，十七次的沉默.txt,True,False,,
341,十月怀珠落她名,,,C,3,1005,6.9127,14516,41950,十月怀珠落她名.txt,True,False,,
342,时薪十万，疯批财阀的阿司匹林,,,B,4,4750,8.4659,14592,39872,时薪十万，疯批财阀的阿司匹林.txt,True,False,,
343,实习生蹭男友副驾，我反手教他俩分寸,,,无信号,,,,11720,31182,实习生蹭男友副驾，我反手教他俩分寸.txt,False,False,,
344,实习生说她是弹幕女主，那我偏要抢走她的主角光环,,,小扑,2,981,6.8886,16640,44772,实习生说她是弹幕女主，那我偏要抢走她的主角光环.txt,True,False,,
345,拾金不昧后，污蔑我偷钱的贫困生悔疯了,,,C,3,1018,6.9256,17174,46066,拾金不昧后，污蔑我偷钱的贫困生悔疯了.txt,True,False,,
346,世纪婚礼次日，我躺上了引产台,,,小扑,2,958,6.8648,11274,32562,世纪婚礼次日，我躺上了引产台.txt,True,False,,
347,世子妃不争不抢，好孕外室气疯了,,,小扑,2,965,6.8721,11409,33247,世子妃不争不抢，好孕外室气疯了.txt,True,False,,
348,世子纳妾那日，是我离走之时,,,无信号,,,,27524,78704,世子纳妾那日，是我离走之时.txt,False,False,,
349,室友爸妈想鸠占鹊巢，我反手叫来了帽子叔叔,,,小扑,2,977,6.8845,9740,28877,室友爸妈想鸠占鹊巢，我反手叫来了帽子叔叔.txt,True,False,,
350,室友的爱情理论害死我，重生后我不拦着她了,,,C,3,1001,6.9088,10917,30351,室友的爱情理论害死我，重生后我不拦着她了.txt,True,False,,
351,室友骑坏豪车让我背锅，可车主是我亲哥,,,小扑,2,985,6.8926,11228,30828,室友骑坏豪车让我背锅，可车主是我亲哥.txt,True,False,,
352,室友偷我退役国服号钓野王，我登号让她直播翻车,,,小扑,2,956,6.8628,39056,112586,室友偷我退役国服号钓野王，我登号让她直播翻车.txt,True,False,,
353,收到未来自己的邮件后，我断亲了,,,小扑,2,971,6.8783,10723,31627,收到未来自己的邮件后，我断亲了.txt,True,False,,
354,守墓无归，不见旧人,,,无信号,,,,11803,33745,守墓无归，不见旧人.txt,False,False,,
355,首富爸妈想换我一个肾给病弱假千金，可我是僵尸没肾给,,,C,3,1047,6.9537,13781,39595,首富爸妈想换我一个肾给病弱假千金，可我是僵尸没肾给 .txt,True,False,,
356,叔叔出狱无人接，我驱车八百公里后他给了我两千一百万,,,S,6,165641,12.0176,40946,104962,叔叔出狱无人接，我驱车八百公里后他给了我两千一百万.txt,True,False,,
357,叔嫌饭慢爸扇妈十巴掌，我搬起砖头后全家慌了,,,C,3,1360,7.2152,41067,105715,叔嫌饭慢爸扇妈十巴掌，我搬起砖头后全家慌了.txt,True,False,,
358,暑假投奔小姨被晾到凌晨，我转身捧红隔壁档口,,,小扑,2,981,6.8886,14604,39222,暑假投奔小姨被晾到凌晨，我转身捧红隔壁档口.txt,True,False,,
359,刷到闺蜜偷我人生的帖子后，我重生了,,,无信号,,,,11495,31613,刷到闺蜜偷我人生的帖子后，我重生了.txt,False,False,,
360,双重背叛，我选择翻篇,,,C,3,1042,6.9489,12349,35379,双重背叛，我选择翻篇.txt,True,False,,
361,说我要和假千金雌竞？不好意思我是姐宝女,,,C,3,1898,7.5486,16915,49301,说我要和假千金雌竞？不好意思我是姐宝女.txt,True,False,,
362,司机的女朋友不准我上车后，她悔疯了,,,无信号,,,,14304,42201,司机的女朋友不准我上车后，她悔疯了.txt,False,False,,
363,司仪喊到第三遍的时候，我决定换个新郎,,,B,4,8224,9.0148,11819,34291,司仪喊到第三遍的时候，我决定换个新郎.txt,True,False,,
364,私藏星辉藏尽相思,,,无信号,,,,30610,89076,私藏星辉藏尽相思.txt,False,False,,
365,死对头想要娘亲替她养皇儿，魔丸用婴语杀疯了,,,C,3,1002,6.9098,10072,29601,死对头想要娘亲替她养皇儿，魔丸用婴语杀疯了.txt,True,False,,
366,岁岁逢春，旧人殊途,,,无信号,,,,10851,31591,岁岁逢春，旧人殊途.txt,False,False,,
367,岁岁难自安,,,A,5,47994,10.7788,13644,39330,岁岁难自安.txt,True,False,,
368,岁岁无君亦无晴,,,C,3,1003,6.9108,10757,31085,岁岁无君亦无晴.txt,True,False,,
369,岁月不予迟来人,,,小扑,2,980,6.8876,13753,40226,岁月不予迟来人.txt,True,False,,
370,碎玻璃拼不出满月,,,小扑,2,957,6.8638,13175,38261,碎玻璃拼不出满月.txt,True,False,,
371,碎成两半的家，我不要了,,,无信号,,,,10972,32107,碎成两半的家，我不要了.txt,False,False,,
372,碎在没有你的深秋,,,小扑,2,973,6.8804,10885,31277,碎在没有你的深秋.txt,True,False,,
373,他把我的暗恋日记当笑话说给闺蜜听，我转身扔掉了七年婚姻,,,无信号,,,,11235,32535,他把我的暗恋日记当笑话说给闺蜜听，我转身扔掉了七年婚姻.txt,False,False,,
374,他的爱，晚于我的告别,,,C,3,1004,6.9117,19433,56417,他的爱，晚于我的告别.txt,True,False,,
375,他的偏爱，我原路退回,,,C,3,1022,6.9295,11404,32854,他的偏爱，我原路退回.txt,True,False,,
376,他的誓言葬在港城,,,无信号,,,,10777,31599,他的誓言葬在港城.txt,False,False,,
377,他的心跳在左，我却永远在右,,,C,3,1040,6.947,10537,30477,他的心跳在左，我却永远在右 .txt,True,False,,
378,他赶来时春已晚,,,C,3,1031,6.9383,11761,31777,他赶来时春已晚.txt,True,False,,
379,他们有四把钥匙，刚好锁住一个没有我的家,,,B,4,6019,8.7027,17879,49769,他们有四把钥匙，刚好锁住一个没有我的家.txt,True,False,,
380,他让我家疼他的师妹，我爸让他滚出女婿位,,,A,5,74420,11.2175,33933,87839,他让我家疼他的师妹，我爸让他滚出女婿位.txt,True,False,,
381,他让我适应他们的十年，我便结束了我们的四年,,,无信号,,,,11974,35095,他让我适应他们的十年，我便结束了我们的四年.txt,False,False,,
382,他吻过她的唇，然后再去爱别人,,,无信号,,,,22140,65242,他吻过她的唇，然后再去爱别人.txt,False,False,,
383,他沿着另一个人的轮廓爱我,,,C,3,1033,6.9402,15494,43180,他沿着另一个人的轮廓爱我.txt,True,False,,
384,他指错方向，我走对路,,,无信号,,,,11188,32306,他指错方向，我走对路.txt,False,False,,
385,他纵容女下属羞辱妈妈后,,,C,3,1028,6.9354,12780,37010,他纵容女下属羞辱妈妈后 .txt,True,False,,
386,她的盲盒里，没有我的小满,,,无信号,,,,13379,38883,她的盲盒里，没有我的小满.txt,False,False,,
387,她决定不离婚之后,,,C,3,1097,7.0003,11769,32651,她决定不离婚之后.txt,True,False,,
388,她留在那年雨季,,,无信号,,,,11321,31583,她留在那年雨季.txt,False,False,,
389,她偷了我700分送校草上清华，可我半年前就保送了啊,,,C,3,1040,6.947,21272,60255,她偷了我700分送校草上清华，可我半年前就保送了啊.txt,True,False,,
390,她用暧昧编织谎言，将我推向远方,,,无信号,,,,23667,69608,她用暧昧编织谎言，将我推向远方.txt,False,False,,
391,台风过境，我心难回,,,无信号,,,,10750,31058,台风过境，我心难回.txt,False,False,,
392,堂弟用我名订了52桌，我让酒店报警,,,C,3,1028,6.9354,20105,51641,堂弟用我名订了52桌，我让酒店报警.txt,True,False,,
393,天生一根筋的我，婚礼当天让极品亲戚哭着还钱,,,C,3,1041,6.9479,15907,46323,天生一根筋的我，婚礼当天让极品亲戚哭着还钱.txt,True,False,,
394,听到宝宝的求救后我决定先查性别,,,小扑,2,963,6.8701,10304,28524,听到宝宝的求救后我决定先查性别.txt,True,False,,
395,听见房子说话后，我反手报警抓人,,,小扑,2,962,6.869,10745,31714,听见房子说话后，我反手报警抓人.txt,True,False,,
396,听见狸花猫心声后，我手撕贱女渣男，迈进人生巅峰,,,无信号,,,,10889,31740,听见狸花猫心声后，我手撕贱女渣男，迈进人生巅峰.txt,False,False,,
397,庭前春事晚,,,C,3,1038,6.9451,10872,31804,庭前春事晚.txt,True,False,,
398,同事蹭我车还想杀我的狗？次日我一句话群里直接炸锅,,,B,4,7680,8.9464,45500,117594,同事蹭我车还想杀我的狗？次日我一句话群里直接炸锅.txt,True,False,,
399,偷听皇嗣心声后，我成了九千岁,,,小扑,2,988,6.8957,10796,30112,偷听皇嗣心声后，我成了九千岁.txt,True,False,,
400,偷我孩子、占我身份？重生后首长夫人杀疯了,,,无信号,,,,21868,63731,偷我孩子、占我身份？重生后首长夫人杀疯了.txt,False,False,,
401,团宠小公主被掉包后，我六爻卦起杀疯了,,,B,4,3588,8.1854,12193,35717,团宠小公主被掉包后，我六爻卦起杀疯了.txt,True,False,,
402,万缕春雪误平生,,,小扑,2,965,6.8721,11878,34387,万缕春雪误平生 .txt,True,False,,
403,往后千山寻一途,,,无信号,,,,11377,33259,往后千山寻一途.txt,False,False,,
404,往时情深终落幕,,,C,3,1001,6.9088,10638,30874,往时情深终落幕.txt,True,False,,
405,惟愿今生安,,,A,5,13177,9.4862,29924,80364,惟愿今生安.txt,True,False,,
406,为护绿茶假千金，妹控真千金掀桌暴打全家,,,C,3,1038,6.9451,13447,39566,为护绿茶假千金，妹控真千金掀桌暴打全家.txt,True,False,,
407,为救她，岳父被罚到破产，六年后她入职合同我直接打回,,,A,5,28942,10.273,21150,55606,为救她，岳父被罚到破产，六年后她入职合同我直接打回.txt,True,False,,
408,为了拯救大自然，圣母室友在40度高温天剪了空调线,,,C,3,1042,6.9489,13516,39303,为了拯救大自然，圣母室友在40度高温天剪了空调线.txt,True,False,,
409,为了助理的母亲，老公把我妈赶走,,,无信号,,,,9348,27276,为了助理的母亲，老公把我妈赶走.txt,False,False,,
410,为显公正妈妈拿我在全校面前杀鸡儆猴后，悔疯了,,,C,3,1043,6.9499,10728,31078,为显公正妈妈拿我在全校面前杀鸡儆猴后，悔疯了.txt,True,False,,
411,未婚夫带青梅去看世界杯，让我照顾他们的猫儿子,,,无信号,,,,10581,30327,未婚夫带青梅去看世界杯，让我照顾他们的猫儿子.txt,False,False,,
412,未婚夫拒绝我妈住客房，却让女下属睡主卧,,,无信号,,,,9096,26762,未婚夫拒绝我妈住客房，却让女下属睡主卧.txt,False,False,,
413,未婚夫拿我做赌注，我加入赌局他却哭了,,,B,4,7668,8.9448,13050,36332,未婚夫拿我做赌注，我加入赌局他却哭了.txt,True,False,,
414,未婚夫让我把三百二十万的婚房借给小青梅拍综艺后，悔疯了,,,C,3,1018,6.9256,10561,31084,未婚夫让我把三百二十万的婚房借给小青梅拍综艺后，悔疯了.txt,True,False,,
415,未婚夫为绿茶误一小时，我转头三十秒就换人嫁,,,A,5,19415,9.8738,11707,34425,未婚夫为绿茶误一小时，我转头三十秒就换人嫁.txt,True,False,,
416,未婚妻拿我当赌注，我加入赌局她却哭了,,,小扑,2,988,6.8957,12996,36162,未婚妻拿我当赌注，我加入赌局她却哭了.txt,True,False,,
417,未见天明，不语繁星,,,C,3,1454,7.2821,10375,29867,未见天明，不语繁星.txt,True,False,,
418,未来的电话告诉我房子墙里有尸体，我杀疯了,,,C,3,1044,6.9508,11391,33031,未来的电话告诉我房子墙里有尸体，我杀疯了.txt,True,False,,
419,我爸带战友遗孀进门后，我妈手撕娇妻人设,,,A,5,72283,11.1883,11842,31210,我爸带战友遗孀进门后，我妈手撕娇妻人设.txt,True,False,,
420,我爸教出的高考状元举报他违规补课,,,C,3,1032,6.9393,9747,28717,我爸教出的高考状元举报他违规补课.txt,True,False,,
421,我爸借堂哥五万承包食堂，三年后堂哥骂他不要脸,,,C,3,1029,6.9363,19178,50042,我爸借堂哥五万承包食堂，三年后堂哥骂他不要脸.txt,True,False,,
422,我被退回了福利院,,,小扑,2,970,6.8773,15005,42049,我被退回了福利院.txt,True,False,,
423,我被温柔阿姨收养后，人淡如菊的姐姐不淡了,,,无信号,,,,8769,25467,我被温柔阿姨收养后，人淡如菊的姐姐不淡了.txt,False,False,,
424,我被选后，姐姐装不下去了,,,无信号,,,,21269,57189,我被选后，姐姐装不下去了.txt,False,False,,
425,我不被困在等待里,,,无信号,,,,10752,31411,我不被困在等待里.txt,False,False,,
426,我的暑假，家人的假期,,,无信号,,,,11494,31838,我的暑假，家人的假期.txt,False,False,,
427,我的网络妈妈才五岁，却每周给我九千零花钱,,,C,3,1010,6.9177,28642,80386,我的网络妈妈才五岁，却每周给我九千零花钱.txt,True,False,,
428,我的以后，和你无关,,,B,4,9169,9.1236,12432,36112,我的以后，和你无关.txt,True,False,,
429,我和妹妹的团购券到底被谁用了,,,B,4,3146,8.0539,11936,31804,我和妹妹的团购券到底被谁用了.txt,True,False,,
430,我寄养在宠物店的猫，被店员拿去配种直播了,,,无信号,,,,12910,37298,我寄养在宠物店的猫，被店员拿去配种直播了.txt,False,False,,
431,我借5万无人理，两年后，他借55万我拉黑,,,小扑,2,982,6.8896,14657,38891,我借5万无人理，两年后，他借55万我拉黑.txt,True,False,,
432,我就当我的爱，是东流水,,,无信号,,,,9919,28887,我就当我的爱，是东流水.txt,False,False,,
433,我每月工资三万五，却连两块钱的辣条都吃不起,,,无信号,,,,10576,30516,我每月工资三万五，却连两块钱的辣条都吃不起.txt,False,False,,
434,我们山顶不再见,,,C,3,1039,6.946,14193,39091,我们山顶不再见.txt,True,False,,
435,我娘调包了我，我杀了她全家,,,无信号,,,,15910,43394,我娘调包了我，我杀了她全家.txt,False,False,,
436,我拼命奔赴的城市，他们早就带另一个人去了,,,C,3,1029,6.9363,11877,34767,我拼命奔赴的城市，他们早就带另一个人去了.txt,True,False,,
437,我去挪威后，家里的WiFi密码改成了我的生日,,,无信号,,,,11357,32575,我去挪威后，家里的WiFi密码改成了我的生日.txt,False,False,,
438,我是国家二级运动员，就活该替闺蜜挡灾？,,,C,3,1018,6.9256,13463,39319,我是国家二级运动员，就活该替闺蜜挡灾？.txt,True,False,,
439,我素衣过泥潭，清风送我踏千帆,,,无信号,,,,11367,33601,我素衣过泥潭，清风送我踏千帆.txt,False,False,,
440,我下飞机你不愿来接我，那你就滚出我的人生吧,,,C,3,1035,6.9422,12367,34275,我下飞机你不愿来接我，那你就滚出我的人生吧.txt,True,False,,
441,我养的保镖扇我耳光，妻子在旁边鼓掌,,,S,6,167341,12.0278,19602,50120,我养的保镖扇我耳光，妻子在旁边鼓掌.txt,True,False,,
442,我用一亿买断过往后，霸总他却悔疯了,,,C,3,1002,6.9098,12171,35483,我用一亿买断过往后，霸总他却悔疯了.txt,True,False,,
443,我月入三万五，却连两块钱的辣条自由都没有,,,无信号,,,,10721,31348,我月入三万五，却连两块钱的辣条自由都没有.txt,False,False,,
444,我在班里透明三年，校霸管我同桌叫嫂子,,,无信号,,,,24812,62820,我在班里透明三年，校霸管我同桌叫嫂子.txt,False,False,,
445,我在夏天等雪，来覆盖七年回忆,,,无信号,,,,12666,37180,我在夏天等雪，来覆盖七年回忆.txt,False,False,,
446,我在自家公司装穷，对面的姑娘也在装,,,C,3,1406,7.2485,23811,61531,我在自家公司装穷，对面的姑娘也在装.txt,True,False,,
447,我终于上了家里的账本：担保人,,,小扑,2,988,6.8957,13061,38205,我终于上了家里的账本：担保人.txt,True,False,,
448,乌鸦嘴姑奶奶一开口，反派全部跪着走,,,C,3,1048,6.9546,12967,34861,乌鸦嘴姑奶奶一开口，反派全部跪着走.txt,True,False,,
449,无论是空调还是爱，他们都没想要分给我,,,无信号,,,,11165,32955,无论是空调还是爱，他们都没想要分给我.txt,False,False,,
450,无情道大成后，我亲手劈了恋爱脑徒弟,,,小扑,2,952,6.8586,10827,31457,无情道大成后，我亲手劈了恋爱脑徒弟.txt,True,False,,
451,无人共我忆从前,,,无信号,,,,25342,74030,无人共我忆从前.txt,False,False,,
452,无人拾我落花，我自去拥万里山河,,,C,3,1036,6.9431,10877,31172,无人拾我落花，我自去拥万里山河.txt,True,False,,
453,五个人的家，我排第六名,,,C,3,1010,6.9177,11386,33398,五个人的家，我排第六名.txt,True,False,,
454,雾散时，我们到此为止,,,无信号,,,,10680,31507,雾散时，我们到此为止.txt,False,False,,
455,瞎眼三年，我亲眼看他跟初恋领证！,,,小扑,2,967,6.8742,26101,76654,瞎眼三年，我亲眼看他跟初恋领证！.txt,True,False,,
456,夏夜星空皆璀璨,,,无信号,,,,20953,61480,夏夜星空皆璀璨.txt,False,False,,
457,嫌我妈是笨蛋美人，离婚时她抠走三层地砖！,,,B,4,7693,8.9481,27966,76858,嫌我妈是笨蛋美人，离婚时她抠走三层地砖！.txt,True,False,,
458,嫌我是穷酸设计师？我曝光首富千金身份，渣男悔疯了,,,小扑,2,961,6.868,32894,78514,嫌我是穷酸设计师？我曝光首富千金身份，渣男悔疯了.txt,True,False,,
459,相思入骨，不负旧约,,,无信号,,,,32667,95091,相思入骨，不负旧约.txt,False,False,,
460,香樟树被砍掉后，我换了个家,,,无信号,,,,10911,32011,香樟树被砍掉后，我换了个家.txt,False,False,,
461,小白花资助生偷我女儿身份嫁豪门，我让她社死婚礼现场,,,C,3,1026,6.9334,14479,38101,小白花资助生偷我女儿身份嫁豪门，我让她社死婚礼现场.txt,True,False,,
462,小姑子得白血病后，选择保胎的我见死不救,,,C,3,1042,6.9489,12562,36636,小姑子得白血病后，选择保胎的我见死不救.txt,True,False,,
463,校草在万人大群造谣我陪睡保研，我重生后让他悔疯了,,,C,3,1011,6.9187,10282,27462,校草在万人大群造谣我陪睡保研，我重生后让他悔疯了.txt,True,False,,
464,校花闺蜜装清高拒绝保送，我拿下名额后她悔疯了,,,C,3,1039,6.946,11637,30689,校花闺蜜装清高拒绝保送，我拿下名额后她悔疯了.txt,True,False,,
465,校庆班主任让女儿演“垫脚石”被全班踩，八百万赞助我全捐隔壁txt,,,无信号,,,,11360,33417,校庆班主任让女儿演“垫脚石”被全班踩，八百万赞助我全捐隔壁txt.txt,False,False,,
466,协议到期时，她放弃了,,,无信号,,,,21156,61850,协议到期时，她放弃了.txt,False,False,,
467,新婚次日被扇耳光，我反手一锅热汤扣头,,,B,4,5029,8.523,34294,100000,新婚次日被扇耳光，我反手一锅热汤扣头.txt,True,False,,
468,新婚当天，丈夫把我的工资卡给了大嫂！,,,C,3,1017,6.9246,16147,46793,新婚当天，丈夫把我的工资卡给了大嫂！.txt,True,False,,
469,新家户型图上没有我的名字，我转头去了大西北,,,C,3,1339,7.1997,14108,40532,新家户型图上没有我的名字，我转头去了大西北.txt,True,False,,
470,新家没有我的位置后，我连夜搬走了,,,无信号,,,,11608,34038,新家没有我的位置后，我连夜搬走了.txt,False,False,,
471,新郎为等伴娘补妆误了吉时，我不嫁了,,,B,4,6047,8.7073,18035,47301,新郎为等伴娘补妆误了吉时，我不嫁了.txt,True,False,,
472,新娘逃婚那天，我叫前女友来吃了席,,,B,4,8065,8.9953,18155,46046,新娘逃婚那天，我叫前女友来吃了席.txt,True,False,,
473,星沉海底夜无澜,,,小扑,2,951,6.8575,10864,31672,星沉海底夜无澜.txt,True,False,,
474,烟花易冷，故梦难寻,,,C,3,1001,6.9088,10842,31930,烟花易冷，故梦难寻.txt,True,False,,
475,砚川落雪，不照晚星,,,无信号,,,,10782,31010,砚川落雪，不照晚星.txt,False,False,,
476,药王谷出了个天生恶骨,,,小扑,2,969,6.8763,12885,37233,药王谷出了个天生恶骨.txt,True,False,,
477,爷爷鱼竿被奶奶折断，次日赴姑姑家从此不回,,,B,4,5144,8.5456,14854,43198,爷爷鱼竿被奶奶折断，次日赴姑姑家从此不回.txt,True,False,,
478,一巴掌十块生活费，十年后我妈悔疯了,,,无信号,,,,17278,46018,一巴掌十块生活费，十年后我妈悔疯了.txt,False,False,,
479,一从别后尽天涯,,,无信号,,,,11026,31188,一从别后尽天涯.txt,False,False,,
480,一分为二的瑕疵爱情,,,无信号,,,,10416,30228,一分为二的瑕疵爱情.txt,False,False,,
481,一府避宁声,,,无信号,,,,11435,32767,一府避宁声.txt,False,False,,
482,一个人的旅途，云月共赏,,,B,4,6253,8.7408,16100,45086,一个人的旅途，云月共赏.txt,True,False,,
483,一盒晕车药让我放弃了他们,,,无信号,,,,9739,28511,一盒晕车药让我放弃了他们.txt,False,False,,
484,一家五口分彩票，我分到一沓欠条,,,无信号,,,,10778,30886,一家五口分彩票，我分到一沓欠条.txt,False,False,,
485,一开灯，邻居就会死,,,B,4,3861,8.2587,10681,29183,一开灯，邻居就会死.txt,True,False,,
486,一筐青梨，一场旧梦,,,无信号,,,,13499,38993,一筐青梨，一场旧梦.txt,False,False,,
487,一千三百公里，是我离家最近的距离,,,无信号,,,,12822,37166,一千三百公里，是我离家最近的距离.txt,False,False,,
488,一心只想养废继子，他怎么就状元了,,,A,5,16137,9.6889,59432,154422,一心只想养废继子，他怎么就状元了.txt,True,False,,
489,衣柜深处无星光,,,小扑,2,961,6.868,14170,41664,衣柜深处无星光.txt,True,False,,
490,遗产780万我跟妈说18万，次日娘家带着麻袋上门了,,,C,3,1050,6.9565,20677,59601,遗产780万我跟妈说18万，次日娘家带着麻袋上门了.txt,True,False,,
491,因为一碗小炒肉，我收回公司踹了丈夫,,,小扑,2,970,6.8773,10648,31274,因为一碗小炒肉，我收回公司踹了丈夫.txt,True,False,,
492,引魂人说孩子带煞，第五个我不打了,,,无信号,,,,11088,31567,引魂人说孩子带煞，第五个我不打了.txt,False,False,,
493,樱谢人离，辞守空枝,,,无信号,,,,11110,31144,樱谢人离，辞守空枝.txt,False,False,,
494,永生花谢时，你与我别离,,,无信号,,,,11200,31394,永生花谢时，你与我别离.txt,False,False,,
495,幼儿园女老师说我哥侵犯她，我靠洋娃娃帮他反杀,,,小扑,2,999,6.9068,11188,30426,幼儿园女老师说我哥侵犯她，我靠洋娃娃帮他反杀.txt,True,False,,
496,余烬不覆雪,,,小扑,2,983,6.8906,11636,32955,余烬不覆雪.txt,True,False,,
497,愚人节敢不敢陪你的青梅假结婚,,,C,3,1025,6.9324,11361,33523,愚人节敢不敢陪你的青梅假结婚.txt,True,False,,
498,雨停了，就别再找我,,,小扑,2,974,6.8814,10943,32017,雨停了，就别再找我.txt,True,False,,
499,玉兔偷投团宠公主胎被调包后，嫦娥下凡杀疯了,,,无信号,,,,12772,37455,玉兔偷投团宠公主胎被调包后，嫦娥下凡杀疯了.txt,False,False,,
500,预知人生后，我暴富封神,,,C,3,1026,6.9334,12434,36373,预知人生后，我暴富封神.txt,True,False,,
501,遇上倔驴贫困生后，吃尽时代红利的行政老师崩溃了,,,C,3,1036,6.9431,8991,26465,遇上倔驴贫困生后，吃尽时代红利的行政老师崩溃了.txt,True,False,,
502,誉王选妃前夜，我做了个可怕的梦,,,无信号,,,,10853,31251,誉王选妃前夜，我做了个可怕的梦.txt,False,False,,
503,远山花开，玫瑰不再来,,,小扑,2,972,6.8794,9570,27464,远山花开，玫瑰不再来.txt,True,False,,
504,月色不渡旧人,,,无信号,,,,14161,38391,月色不渡旧人.txt,False,False,,
505,月色将尽，不候故人,,,A,5,52790,10.8741,12155,34291,月色将尽，不候故人.txt,True,False,,
506,月子期每天给我花30？复工后我彻底清醒,,,小扑,2,956,6.8628,35753,102775,月子期每天给我花30？复工后我彻底清醒 .txt,True,False,,
507,早知绊人心，何不莫相识,,,小扑,2,979,6.8865,11810,32050,早知绊人心，何不莫相识.txt,True,False,,
508,渣爹和小白花保姆说我是野种，我靠弹幕救母反杀,,,小扑,2,959,6.8659,16376,42394,渣爹和小白花保姆说我是野种，我靠弹幕救母反杀.txt,True,False,,
509,丈夫和闺蜜当我面苟且，我一通电话他们都悔疯了,,,C,3,1048,6.9546,10595,30573,丈夫和闺蜜当我面苟且，我一通电话他们都悔疯了.txt,True,False,,
510,丈夫说他重生了要离婚，我立马就拿钱带球跑,,,C,3,1022,6.9295,16873,49095,丈夫说他重生了要离婚，我立马就拿钱带球跑.txt,True,False,,
511,这世间很多人的相遇，都太多余了,,,无信号,,,,10998,32314,这世间很多人的相遇，都太多余了.txt,False,False,,
512,这一次，我抽中了离开你,,,无信号,,,,12490,36486,这一次，我抽中了离开你.txt,False,False,,
513,这一站，我先下了,,,小扑,2,987,6.8947,9791,28173,这一站，我先下了.txt,True,False,,
514,贞洁鉴定师造谣式害人，我让她蹲大牢,,,无信号,,,,12767,33949,贞洁鉴定师造谣式害人，我让她蹲大牢.txt,False,False,,
515,真千金是社畜，爱不爱的，给钱就行,,,无信号,,,,10879,31927,真千金是社畜，爱不爱的，给钱就行.txt,False,False,,
516,真千金是影后，演哭了病弱假千金,,,无信号,,,,12714,37364,真千金是影后，演哭了病弱假千金.txt,False,False,,
517,真少爷有被亏欠感，全家悔疯了,,,无信号,,,,10166,29400,真少爷有被亏欠感，全家悔疯了.txt,False,False,,
518,侄女借口庆功拐卖我女儿，我靠预知短信端了黑窝,,,C,3,1028,6.9354,11546,31654,侄女借口庆功拐卖我女儿，我靠预知短信端了黑窝.txt,True,False,,
519,终是冬雪负归人,,,小扑,2,991,6.8987,10735,30813,终是冬雪负归人.txt,True,False,,
520,终是难以同舟渡,,,C,3,1005,6.9127,10212,30120,终是难以同舟渡.txt,True,False,,
521,重返五岁，我阻止了带走真千金的舞蹈老师,,,C,3,1033,6.9402,16480,42890,重返五岁，我阻止了带走真千金的舞蹈老师.txt,True,False,,
522,重回六岁那年，我偏要逆着弹幕拯救弟弟,,,无信号,,,,14979,38485,重回六岁那年，我偏要逆着弹幕拯救弟弟.txt,False,False,,
523,重回权臣落魄时,,,A,5,86586,11.3689,10577,31204,重回权臣落魄时.txt,True,False,,
524,重回三岁，我抓住了偷走弟弟的坏人,,,小扑,2,982,6.8896,16461,42341,重回三岁，我抓住了偷走弟弟的坏人.txt,True,False,,
525,重回十二岁，我保护好了妹妹,,,A,5,57081,10.9522,14323,36835,重回十二岁，我保护好了妹妹.txt,True,False,,
526,重回四岁那天，我救回了被小姨拐走的妹妹,,,C,3,2913,7.9769,11833,33803,重回四岁那天，我救回了被小姨拐走的妹妹.txt,True,False,,
527,重来一次我同意离婚，可他怎么哭了,,,C,3,1013,6.9207,15473,44917,重来一次我同意离婚，可他怎么哭了.txt,True,False,,
528,重生孤儿院后，我牵起了另一对夫妻的手,,,小扑,2,973,6.8804,10009,27335,重生孤儿院后，我牵起了另一对夫妻的手.txt,True,False,,
529,重生后，我当着全校面撕了校草的深情剧本,,,C,3,1030,6.9373,11695,31067,重生后，我当着全校面撕了校草的深情剧本.txt,True,False,,
530,重生后，我揪出谋害嫡妹的犯人,,,C,3,1078,6.9829,10901,29529,重生后，我揪出谋害嫡妹的犯人.txt,True,False,,
531,重生后，我抢回金锁去认亲,,,C,3,1000,6.9078,10668,31457,重生后，我抢回金锁去认亲.txt,True,False,,
532,重生后，我抓住了偷儿子的凶手,,,C,3,1019,6.9266,10963,31353,重生后，我抓住了偷儿子的凶手.txt,True,False,,
533,重生后我让夫君娶了变成鹦鹉的堂姐,,,无信号,,,,11986,35292,重生后我让夫君娶了变成鹦鹉的堂姐.txt,False,False,,
534,重生回幼崽时期，我哭醒亲娘夺回嫡命,,,小扑,2,966,6.8732,14423,41429,重生回幼崽时期，我哭醒亲娘夺回嫡命.txt,True,False,,
535,重生之高考围观：校花晕倒，我买瓜看戏,,,C,3,1050,6.9565,22019,56677,重生之高考围观：校花晕倒，我买瓜看戏.txt,True,False,,
536,竹马班长没收我的抗抑郁药转赠班花，重生后我发疯给了他一巴掌,,,B,4,8074,8.9964,12751,32991,竹马班长没收我的抗抑郁药转赠班花，重生后我发疯给了他一巴掌.txt,True,False,,
537,竹马骗我一起报二本，可开学那天他去了首都名校,,,小扑,2,992,6.8997,12601,36839,竹马骗我一起报二本，可开学那天他去了首都名校.txt,True,False,,
538,转身向山海，不候迟来人,,,C,3,1033,6.9402,13500,39784,转身向山海，不候迟来人.txt,True,False,,
539,赘婿驸马为白月光求平妻？我直接发配这对鸳鸯刷恭桶！,,,C,3,1004,6.9117,18361,53754,赘婿驸马为白月光求平妻？我直接发配这对鸳鸯刷恭桶！.txt,True,False,,
540,准新娘想白嫖我20万妆造，我用卸妆水让她在自己的婚礼丢尽颜面,,,小扑,2,988,6.8957,9359,25891,准新娘想白嫖我20万妆造，我用卸妆水让她在自己的婚礼丢尽颜面.txt,True,False,,
541,资助的小白花半夜卖惨求借住后，我接到未来女儿的来电,,,无信号,,,,10742,31362,资助的小白花半夜卖惨求借住后，我接到未来女儿的来电.txt,False,False,,
542,资助了六年的保洁救了我,,,无信号,,,,10772,31260,资助了六年的保洁救了我.txt,False,False,,
543,锱铢必较后，亲爹悔疯了,,,无信号,,,,10606,31181,锱铢必较后，亲爹悔疯了.txt,False,False,,
544,紫外线过敏被亲哥罚站升旗台后，我彻底心死,,,小扑,2,977,6.8845,11155,32275,紫外线过敏被亲哥罚站升旗台后，我彻底心死.txt,True,False,,
545,总是奔赴别人的老公，我和女儿不要他了,,,无信号,,,,12036,34822,总是奔赴别人的老公，我和女儿不要他了.txt,False,False,,
546,走向没人等我的未来,,,无信号,,,,10061,29199,走向没人等我的未来.txt,False,False,,
547,族规查出女儿非亲生后，我成全他的两情相悦,,,无信号,,,,26111,75957,族规查出女儿非亲生后，我成全他的两情相悦.txt,False,False,,
548,坐月子洗澡被小姑子偷拍后，我砸光全屋家底,,,C,3,1045,6.9518,38002,99322,坐月子洗澡被小姑子偷拍后，我砸光全屋家底.txt,True,False,,
549,好巧，你老公跟我老公是同一个人,,:佚名 字数:10129 分类:婚姻家庭,A,5,996,6.9037,10657,30777,好巧，你老公跟我老公是同一个人.txt,True,False,,
550,好学生审判者,,:土豆财神 字数:10009 分类:女生生活,A,5,976,6.8835,11276,31184,好学生审判者.txt,True,False,,
551,喝了我家五年免费汤，她侄女带人查封我家面馆,,:波加一 字数:13618 分类:婚姻家庭,A,5,1029,6.9363,16910,44104,喝了我家五年免费汤，她侄女带人查封我家面馆.txt,True,False,,
552,和假千金雌竞？拜托，我这种精神小妹读书最狠了,,:哼哼888 字数:8852 分类:女生生活,A,5,1050,6.9565,11148,28816,和假千金雌竞？拜托，我这种精神小妹读书最狠了.txt,True,False,,
553,和魔尊双向救赎的那些年,,:左御 字数:9129,A,5,954,6.8607,13741,40081,和魔尊双向救赎的那些年.txt,True,False,,
554,恨海无涯泪作舟,,,A-,,,,10718,31228,恨海无涯泪作舟.txt,False,False,,
555,侯府上下合谋换我儿，我亲手送他们流放,,:好故事 字数:15332 分类:古风世情,A,5,957,6.8638,17535,48199,侯府上下合谋换我儿，我亲手送他们流放.txt,True,False,,
556,侯府说我是真千金，可我明明是太子啊？,,,A-,,,,10163,29456,侯府说我是真千金，可我明明是太子啊？.txt,False,False,,
557,户口本凭空多出丈夫，我注销户籍后他疯了,,:随手码小说 字数:14576 分类:婚姻家庭；【尾缀变体】《户口本凭空多出丈夫,S,6,114949,11.6522,17061,46099,户口本凭空多出丈夫，我注销户籍后他疯了.txt,True,False,nchars→第1个候选,
558,护国白虎上岗三百年，反手就把真公主捞回来了,,,A-,,,,10647,31143,护国白虎上岗三百年，反手就把真公主捞回来了.txt,False,False,,
559,滑档后，他亲手把我推向清华,,:Essenze 字数:11733 分类:女生生活；《滑档后,A,5,999,6.9068,12621,35454,滑档后，他亲手把我推向清华.txt,True,True,字数候选命中2个，取首值,
560,怀孕后，老公把我的主任名额给了小青梅,,,A-,,,,11016,32058,怀孕后，老公把我的主任名额给了小青梅.txt,False,False,,
561,怀孕后婆婆每天给我吃鹅蛋，大学室友叫我快逃命！,,,A-,,,,11683,33925,怀孕后婆婆每天给我吃鹅蛋，大学室友叫我快逃命！.txt,False,False,,
562,欢情晚渡，旧爱余辉,,,A,5,1027,6.9344,12174,35713,欢情晚渡，旧爱余辉.txt,True,False,,
563,回家,,:梁晓声 字数:149400 分类:文学经典；《回家》作者:薛仁明 白剑峰 字数:173258 分类:社会文化；《回家》作者:二两可乐 字数:42845 分类:精品小说；《回家》作者:匕月 字数:10117 分类:现实情感；【尾缀变体】《回家！》作者:道睍贝贝 字数:8824 分类:年代；⚠️ 多个同名命中（5本）,A,5,7752,8.9557,9474,27096,回家.txt,True,True,字数候选命中2个，取首值,
564,婚房装修好那天，我突然不想结婚了,,,A-,,,,11583,34131,婚房装修好那天，我突然不想结婚了.txt,False,False,,
565,婚礼大屏播放骗婚录音，我当众悔婚，渣男滚！,,:爱吃冰激凌的雪糕 字数:24340 分类:女生生活,A,5,974,6.8814,28790,77470,婚礼大屏播放骗婚录音，我当众悔婚，渣男滚！.txt,True,False,,
566,婚礼当天被污蔑，她直接换嫁我兄弟了！,,,A-,,,,10097,29297,婚礼当天被污蔑，她直接换嫁我兄弟了！.txt,False,False,,
567,婚礼前，他把我的第五根肋骨送给了青梅,,:妄莫媚娘 字数:12267 分类:青春虐恋,A,5,1045,6.9518,13969,38419,婚礼前，他把我的第五根肋骨送给了青梅.txt,True,False,,
568,婚礼上公公逼我放弃15套房，我签字悔婚，全场炸锅,,:小番茄爱写作 字数:13736 分类:婚姻家庭,A,5,987,6.8947,16998,44358,婚礼上公公逼我放弃15套房，我签字悔婚，全场炸锅.txt,True,False,,
569,火光尽处，故人长辞,,:炽心 字数:10204 分类:古风世情；【逗号差异】《火光尽处故人长辞》在读967·失落的四角,A,5,1119,7.0202,12161,32547,火光尽处，故人长辞.txt,True,False,nchars→第1个候选,
570,火海救人被讹八万后，我的战友群炸了,,:漂浮的一根草 字数:11761 分类:男生生活,A,5,1023,6.9305,14226,40892,火海救人被讹八万后，我的战友群炸了.txt,True,False,,
571,急性子真千金变豪门淑女后，全家都求她变回去,,,A,5,1141,7.0397,10690,31122,急性子真千金变豪门淑女后，全家都求她变回去.txt,True,False,,
572,急诊科窝了三年，老婆带队来铐我,,:远东的土龙宗 字数:38073 分类:男生情感,A,5,2184,7.6889,45892,117418,急诊科窝了三年，老婆带队来铐我.txt,True,False,,
573,继承了爷爷留下的十八条老狗后，我暴富了,,:怦怦晚风 字数:18345 分类:婚姻家庭,A,5,964,6.8711,11970,35406,继承了爷爷留下的十八条老狗后，我暴富了.txt,True,False,,
574,假千金患有富贵病，全京城的大佬都抢着伺候,,,A-,,,,10948,31634,假千金患有富贵病，全京城的大佬都抢着伺候.txt,False,False,,
575,假千金推我下楼，不好意思我有点疯,,:佚名 字数:10773 分类:女生生活,A,5,1009,6.9167,11659,33207,假千金推我下楼，不好意思我有点疯.txt,True,False,,
576,假千金一头撞死后，我成了全家罪人,,:胖茄子 字数:9709 分类:古代言情,A,5,1036,6.9431,10211,29823,假千金一头撞死后，我成了全家罪人.txt,True,False,,
577,假千金在我面前装柔弱，但我只想凭本事赢,,:好故事 字数:10894 分类:女生生活,A,5,1033,6.9402,11478,33872,假千金在我面前装柔弱，但我只想凭本事赢.txt,True,False,,
578,假少爷在我面前装柔弱，但我只想战斗爽,,:好故事 字数:10894 分类:男生生活,A,5,1014,6.9217,12533,36469,假少爷在我面前装柔弱，但我只想战斗爽.txt,True,False,,
579,假小子搅黄兄弟五段姻缘，碰上我对象彻底翻车了,,:月落乌啼LIN 字数:10958 分类:女生生活,A,5,990,6.8977,12753,33559,假小子搅黄兄弟五段姻缘，碰上我对象彻底翻车了.txt,True,False,,
580,健身房教练要我给他带咖啡，成本200的蓝山他给9.9,,,A-,,,,10972,31720,健身房教练要我给他带咖啡，成本200的蓝山他给9.9.txt,False,False,,
581,江风散旧誓，雪落不逢人,,,A-,,,,12812,36760,江风散旧誓，雪落不逢人.txt,False,False,,
582,接亲当天，婚车先接了青梅，我取消了婚礼,,:谓我oqo 字数:13703 分类:青春虐恋,A,5,1024,6.9315,10696,30806,接亲当天，婚车先接了青梅，我取消了婚礼.txt,True,False,,
583,借来的三年春光,,,A-,,,,10256,29650,借来的三年春光.txt,False,False,,
584,今天的你我，不必再重复昨天的故事,,,A-,,,,10659,30393,今天的你我，不必再重复昨天的故事.txt,False,False,,
585,金主让耳根子软的我去相亲后，我成了千万富婆,,:树莓花 字数:13992 分类:现言甜宠,A,5,986,6.8937,14623,43202,金主让耳根子软的我去相亲后，我成了千万富婆.txt,True,False,,
586,尽日寻春不见春,,,A-,,,,9472,27156,尽日寻春不见春.txt,False,False,,
